SET linesize 350
SET pagesize 60

CLEAR screen;

drop table Autor;
drop table Praca;
drop table Autorstwo;

create table Autor (
    Nazwisko varchar(40)  PRIMARY KEY,
    Ryzyko number(1,0),
    Sloty varchar(20)
);

create table Autorstwo (
    Praca number(3,0),
    Autor varchar(40)
);

create table Praca (
    ID NUMBER(6,0) PRIMARY KEY,
    Rok NUMBER(4,0),
    LiczbaAutorow NUMBER(2,0),
    Punkty NUMBER(3,0),
    Tytul VARCHAR2(195)
);







INSERT INTO Praca VALUES (1, 2017, 2, 70, 'Function definitions for compound values in object-oriented languages');
INSERT INTO Praca VALUES (2, 2017, 4, 140, 'Regular Separability of Parikh Automata');
INSERT INTO Praca VALUES (3, 2017, 4, 140, 'Separability of Reachability Sets of Vector Addition Systems');
INSERT INTO Praca VALUES (4, 2017, 4, 200, 'Timed pushdown automata and branching vector addition systems');
INSERT INTO Praca VALUES (5, 2017, 2, 200, 'Regular separability of one counter automata');
INSERT INTO Praca VALUES (6, 2017, 3, 20, 'Rule-Based Reasoning with Belief Structures');
INSERT INTO Praca VALUES (7, 2017, 4, 20, 'Heterogeneous Approximate Reasoning with Graded Truth Values');
INSERT INTO Praca VALUES (8, 2017, 1, 70, 'The Spectrum of Equilibria for the Colonel Blotto and the Colonel Lotto Games');
INSERT INTO Praca VALUES (9, 2017, 3, 70, 'Detecting Locus Acquisition Events in Gene Trees');
INSERT INTO Praca VALUES (10, 2017, 2, 70, 'New Algorithms for the Genomic Duplication Problem');
INSERT INTO Praca VALUES (11, 2017, 5, 140, 'Bounding Average-Energy Games');
INSERT INTO Praca VALUES (12, 2017, 4, 140, 'On Büchi One-Counter Automata');
INSERT INTO Praca VALUES (13, 2017, 3, 200, 'Linear combinations of unordered data vectors');
INSERT INTO Praca VALUES (14, 2017, 7, 20, 'SMIS 2017 Data Mining Competition: Trading Based on Recommendations');
INSERT INTO Praca VALUES (15, 2017, 4, 200, 'Decremental Single-source Reachability in Planar Digraphs');
INSERT INTO Praca VALUES (16, 2017, 6, 140, 'Contracting a Planar Graph Efficiently');
INSERT INTO Praca VALUES (17, 2017, 2, 70, 'Modal mu-Calculus with Atoms');
INSERT INTO Praca VALUES (18, 2017, 3, 140, 'Expressiveness of Probabilistic Modal Logics, Revisited');
INSERT INTO Praca VALUES (19, 2017, 5, 200, 'Learning nominal automata');
INSERT INTO Praca VALUES (20, 2017, 8, 140, 'Efficient Enumeration of Non-Equivalent Squares in Partial Words with Few Holes');
INSERT INTO Praca VALUES (21, 2017, 2, 200, 'LOIS: Syntax and Semantics');
INSERT INTO Praca VALUES (22, 2017, 3, 200, 'On the Computational Complexity of Gossip Protocols');
INSERT INTO Praca VALUES (23, 2017, 2, 20, 'Programming Languages in GitHub: A Visualization in Hyperbolic Plane');
INSERT INTO Praca VALUES (24, 2017, 3, 140, 'Improving TSP Tours Using Dynamic Programming over Tree Decompositions');
INSERT INTO Praca VALUES (25, 2017, 4, 200, 'Approximation and Parameterized Complexity of Minimax Approval Voting');
INSERT INTO Praca VALUES (26, 2017, 5, 140, 'Tight Lower Bounds for the Complexity of Multicoloring');
INSERT INTO Praca VALUES (27, 2017, 2, 20, 'A Fast Deterministic Detection of Small Pattern Graphs in Graphs Without Large Cliques');
INSERT INTO Praca VALUES (28, 2017, 3, 200, 'Axiomatic Characterization of Game-Theoretic Network Centralities');
INSERT INTO Praca VALUES (29, 2017, 4, 200, 'The Dollar Auction with Spiteful Players');
INSERT INTO Praca VALUES (30, 2017, 4, 200, 'On the Construction of Covert Networks');
INSERT INTO Praca VALUES (31, 2017, 3, 200, 'Strategic Social Network Analysis');
INSERT INTO Praca VALUES (32, 2017, 3, 140, 'Dynamic Beats Fixed: On Phase-Based Algorithms for File Migration');
INSERT INTO Praca VALUES (33, 2017, 4, 140, 'On Problems Equivalent to (min, +)-Convolution');
INSERT INTO Praca VALUES (34, 2017, 4, 70, 'Bisimilarity for paraconsistent description logics');
INSERT INTO Praca VALUES (35, 2017, 4, 200, 'Why Do Cascade Sizes Follow a Power-Law?');
INSERT INTO Praca VALUES (36, 2017, 2, 200, 'Approximation and Kernelization for Chordal Vertex Deletion');
INSERT INTO Praca VALUES (37, 2017, 3, 70, 'Edge Bipartization Faster Than 2^k');
INSERT INTO Praca VALUES (38, 2017, 2, 140, 'Subexponential Parameterized Algorithms for Graphs of Polynomial Growth');
INSERT INTO Praca VALUES (39, 2017, 3, 140, 'Exploring the Complexity of Layout Parameters in Tournaments and Semi-Complete Digraphs');
INSERT INTO Praca VALUES (40, 2017, 6, 200, 'Model-checking for successor-invariant first-order formulas on graph classes of bounded expansion');
INSERT INTO Praca VALUES (41, 2017, 2, 140, 'Optimizing Tree Decompositions in MSO');
INSERT INTO Praca VALUES (42, 2017, 5, 140, 'Linear Kernels for Edge Deletion Problems to Immersion-Closed Graph Classes');
INSERT INTO Praca VALUES (43, 2017, 5, 200, 'Fully polynomial-time parameterized computations for graphs and matrices of low treewidth');
INSERT INTO Praca VALUES (44, 2017, 5, 70, 'Cutwidth: Obstructions and Algorithmic Aspects');
INSERT INTO Praca VALUES (45, 2017, 7, 140, 'Neighborhood Complexity and Kernelization for Nowhere Dense Classes of Graphs');
INSERT INTO Praca VALUES (46, 2017, 3, 140, 'Approximation and Parameterized Algorithms for Geometric Independent Set with Shrinking');
INSERT INTO Praca VALUES (47, 2017, 3, 140, 'On Low Rank-Width Colorings');
INSERT INTO Praca VALUES (48, 2017, 2, 200, 'Streaming K-Mismatch with Error Correcting and Applications');
INSERT INTO Praca VALUES (49, 2017, 5, 20, 'Palindromic Decompositions with Gaps and Errors');
INSERT INTO Praca VALUES (50, 2017, 5, 70, 'Longest Common Factor After One Edit Operation');
INSERT INTO Praca VALUES (51, 2017, 6, 70, 'Faster Algorithms for 1-Mappability of a Sequence');
INSERT INTO Praca VALUES (52, 2017, 2, 140, 'Optimizing egalitarian performance in the side-effects model of colocation for data center resource management');
INSERT INTO Praca VALUES (53, 2017, 4, 200, 'Negative-Weight Shortest Paths and Unit Capacity Minimum Cost Flow in Õ(m^10/7 log W) Time');
INSERT INTO Praca VALUES (54, 2017, 2, 140, 'Improved Distance Queries and Cycle Counting by Frobenius Normal Form');
INSERT INTO Praca VALUES (55, 2017, 2, 140, 'Approximate Nearest Neighbors Search Without False Negatives For l_2 For c>sqrtloglogn');
INSERT INTO Praca VALUES (56, 2017, 2, 70, 'Automata Theory Approach to Predicate Intuitionistic Logic');
INSERT INTO Praca VALUES (57, 2017, 2, 200, 'Attachment Centrality for Weighted Graphs');
INSERT INTO Praca VALUES (58, 2017, 1, 70, 'Connecting Decidability and Complexity for MSO Logic');
INSERT INTO Praca VALUES (59, 2017, 3, 140, 'A Characterisation of Pi^0_2 Regular Tree Languages');
INSERT INTO Praca VALUES (60, 2017, 3, 20, 'Scalable Machine Learning with Granulated Data Summaries: A Case of Feature Selection');
INSERT INTO Praca VALUES (61, 2017, 4, 140, 'When the Optimum is also Blind: a New Perspective on Universal Optimization');
INSERT INTO Praca VALUES (62, 2018, 2, 140, 'Binary Reachability of Timed Pushdown Automata via Quantifier Elimination and Cyclic Order Atoms');
INSERT INTO Praca VALUES (63, 2018, 4, 140, 'Online Facility Location with Deletions');
INSERT INTO Praca VALUES (64, 2018, 6, 200, 'Universal Trees Grow Inside Separating Automata: Quasi-Polynomial Lower Bounds for Parity Games');
INSERT INTO Praca VALUES (65, 2018, 3, 140, 'Unboundedness Problems for Languages of Vector Addition Systems');
INSERT INTO Praca VALUES (66, 2018, 6, 140, 'Regular Separability of Well-Structured Transition Systems');
INSERT INTO Praca VALUES (67, 2018, 3, 200, 'FairSwap: How To Fairly Exchange Digital Goods');
INSERT INTO Praca VALUES (68, 2018, 3, 200, 'General State Channel Networks');
INSERT INTO Praca VALUES (69, 2018, 3, 200, 'Individual Security and Network Design with Malicious Nodes');
INSERT INTO Praca VALUES (70, 2018, 6, 70, 'The Wasserstein Distance as a Dissimilarity Measure for Mass Spectra with Application to Spectral Deconvolution');
INSERT INTO Praca VALUES (71, 2018, 3, 140, 'Cophenetic Distances: A Near-Linear Time Algorithmic Framework');
INSERT INTO Praca VALUES (72, 2018, 2, 140, 'Linear Equations with Ordered Data');
INSERT INTO Praca VALUES (73, 2018, 2, 140, 'The IPv6 Routing Protocol for Low-power and Lossy Networks (RPL) under Network Partitions');
INSERT INTO Praca VALUES (74, 2018, 3, 140, 'Ad Hoc 802.11-802.15.4 Crosstalk-Based Communication in Practice');
INSERT INTO Praca VALUES (75, 2018, 2, 70, 'On Designing Provably Correct DODAG Formation Criteria for the IPv6 Routing Protocol for Low-Power and Lossy Networks (RPL)');
INSERT INTO Praca VALUES (76, 2018, 1, 140, 'A Distributed Systems Perspective on Industrial IoT');
INSERT INTO Praca VALUES (77, 2018, 2, 70, 'Investigating Similarity between Hearthstone Cards: Text Embeddings and Interchangeability Approaches');
INSERT INTO Praca VALUES (78, 2018, 3, 20, 'Improving Hearthstone AI by Combining MCTS and Supervised Learning Algorithms');
INSERT INTO Praca VALUES (79, 2018, 1, 200, 'Decremental Transitive Closure and Shortest Paths for Planar Digraphs and Beyond');
INSERT INTO Praca VALUES (80, 2018, 5, 200, 'Optimal Dynamic Strings');
INSERT INTO Praca VALUES (81, 2018, 2, 140, 'Improved Bounds for Shortest Paths in Dense Distance Graphs');
INSERT INTO Praca VALUES (82, 2018, 5, 140, 'Decremental SPQR-trees for Planar Graphs');
INSERT INTO Praca VALUES (83, 2018, 4, 20, 'On Periodicity Lemma for Partial Words');
INSERT INTO Praca VALUES (84, 2018, 6, 70, 'Faster Recovery of Approximate Periods over Edit Distance');
INSERT INTO Praca VALUES (85, 2018, 8, 70, 'Linear-Time Algorithm for Long LCF with k Mismatches');
INSERT INTO Praca VALUES (86, 2018, 6, 140, 'String Periods in the Order-Preserving Model');
INSERT INTO Praca VALUES (87, 2018, 7, 70, 'Efficient Computation of Sequence Mappability');
INSERT INTO Praca VALUES (88, 2018, 6, 140, 'On Directed Feedback Vertex Set Parameterized by Treewidth');
INSERT INTO Praca VALUES (89, 2018, 2, 140, 'WQO Dichotomy for 3-Graphs');
INSERT INTO Praca VALUES (90, 2018, 6, 200, 'Quantifying Algorithmic Improvements over Time');
INSERT INTO Praca VALUES (91, 2018, 3, 200, 'Finite Query Answering in Expressive Description Logics with Transitive Roles');
INSERT INTO Praca VALUES (92, 2018, 6, 20, 'On Fuzzy Sheffer Stroke Operation');
INSERT INTO Praca VALUES (93, 2018, 1, 140, 'Recursion Schemes and the WMSO+U Logic');
INSERT INTO Praca VALUES (94, 2018, 1, 70, 'The Complexity of the Diagonal Problem for Recursion Schemes');
INSERT INTO Praca VALUES (95, 2018, 2, 140, 'An Improved FPT Algorithm for Independent Feedback Vertex Set');
INSERT INTO Praca VALUES (96, 2018, 3, 200, 'On Subexponential Parameterized Algorithms for Steiner Tree and Directed Subset TSP on Planar Graphs');
INSERT INTO Praca VALUES (97, 2018, 2, 70, 'Experimental Evaluation of Parameterized Algorithms for Feedback Vertex Set');
INSERT INTO Praca VALUES (98, 2018, 2, 70, 'Finding Hamiltonian Cycle in Graphs of Bounded Treewidth: Experimental Evaluation');
INSERT INTO Praca VALUES (99, 2018, 5, 70, 'Empirical Evaluation of Approximation Algorithms for Generalized Graph Coloring and Uniform Quasi-Wideness');
INSERT INTO Praca VALUES (100, 2018, 7, 140, 'First-Order Interpretations of Bounded Expansion Classes');
INSERT INTO Praca VALUES (101, 2018, 3, 140, 'Quasi-Polynomial Time Approximation Schemes for Packing and Covering Problems in Planar Graphs');
INSERT INTO Praca VALUES (102, 2018, 3, 200, 'Parameterized circuit complexity of model-checking on sparse structures');
INSERT INTO Praca VALUES (103, 2018, 3, 200, 'Definable decompositions for graphs of bounded linear cliquewidth');
INSERT INTO Praca VALUES (104, 2018, 3, 200, 'On the number of types in sparse graphs');
INSERT INTO Praca VALUES (105, 2018, 4, 70, 'Broadcast with Energy-Exchanging Mobile Agents Distributed on a Tree');
INSERT INTO Praca VALUES (106, 2018, 2, 20, 'Dfuntest: A Testing Framework for Distributed Applications');
INSERT INTO Praca VALUES (107, 2018, 3, 200, 'Collective Schedules: Scheduling Meets Computational Social Choice');
INSERT INTO Praca VALUES (108, 2018, 3, 70, 'Reducing Transducer Equivalence to Register Automata Problems Solved by "Hilbert Method');
INSERT INTO Praca VALUES (109, 2018, 2, 200, 'Approval-Based Multi-Winner Rules and Strategic Voting');
INSERT INTO Praca VALUES (110, 2018, 2, 200, 'Consistent Approval-Based Multi-Winner Rules');
INSERT INTO Praca VALUES (111, 2018, 3, 200, 'Stable Marriage with Multi-Modal Preferences');
INSERT INTO Praca VALUES (112, 2018, 5, 200, 'Multiwinner Elections With Diversity Constraints');
INSERT INTO Praca VALUES (113, 2018, 6, 200, 'On the Complexity of Extended and Proportional Justified Representation');
INSERT INTO Praca VALUES (114, 2018, 3, 140, 'Proportional Approval Voting, Harmonic k-median, and Negative Association');
INSERT INTO Praca VALUES (115, 2018, 3, 70, 'How Deterministic are Good-For-Games Automata?');
INSERT INTO Praca VALUES (116, 2018, 1, 140, 'Unambiguous Languages Exhaust the Index Hierarchy');
INSERT INTO Praca VALUES (117, 2018, 2, 70, 'Investigating Similarity between Hearthstone Cards: Text Embeddings and Interchangeability Approaches');
INSERT INTO Praca VALUES (118, 2018, 3, 70, 'Ranking mutual information dependencies in a summary-based approximate analytics framework');
INSERT INTO Praca VALUES (119, 2018, 2, 200, 'On computability and tractability for infinite sets');
INSERT INTO Praca VALUES (120, 2018, 2, 200, 'An Axiomatization of the Eigenvector and Katz Centralities');
INSERT INTO Praca VALUES (121, 2018, 2, 200, 'Axiomatization of the PageRank Centrality');
INSERT INTO Praca VALUES (122, 2018, 2, 200, 'Random Order Contention Resolution Schemes');
INSERT INTO Praca VALUES (123, 2019, 7, 200, 'Multi3Net: Segmenting Flooded Buildings via Fusion of Multiresolution, Multisensor, and Multitemporal Satellite Imagery');
INSERT INTO Praca VALUES (124, 2019, 3, 140, 'String-to-String Interpretations With Polynomial-Size Output');
INSERT INTO Praca VALUES (125, 2019, 2, 70, 'A non-regular language of infinite trees that is recognizable by a sort-wise finite algebra');
INSERT INTO Praca VALUES (126, 2019, 4, 70, 'Regular tree languages in low levels of the Wadge Hierarchy');
INSERT INTO Praca VALUES (127, 2019, 3, 200, 'MSO+nabla is undecidable');
INSERT INTO Praca VALUES (128, 2019, 2, 140, 'Occupational injury risk wage premium');
INSERT INTO Praca VALUES (129, 2019, 3, 140, 'Timed Basic Parallel Processes');
INSERT INTO Praca VALUES (130, 2019, 2, 70, 'Efficient reduction of nondeterministic automata with application to language inclusion testing');
INSERT INTO Praca VALUES (131, 2019, 4, 100, 'Binary Reachability of Timed-register Pushdown Automata and Branching Vector Addition Systems');
INSERT INTO Praca VALUES (132, 2019, 4, 140, 'On Problems Equivalent to (min, +)-Convolution');
INSERT INTO Praca VALUES (133, 2019, 3, 140, 'Improving TSP Tours Using Dynamic Programming over Tree Decompositions');
INSERT INTO Praca VALUES (134, 2019, 5, 200, 'Minimum Bisection Is Fixed-Parameter Tractable');
INSERT INTO Praca VALUES (135, 2019, 6, 140, 'Applying deep learning to right whale photo identification');
INSERT INTO Praca VALUES (136, 2019, 5, 70, 'Shortest paths in one-counter systems');
INSERT INTO Praca VALUES (137, 2019, 2, 70, 'Regular Separability of One Counter Automata');
INSERT INTO Praca VALUES (138, 2019, 5, 200, 'The Reachability Problem for Petri Nets is Not Elementary');
INSERT INTO Praca VALUES (139, 2019, 4, 140, 'New Pumping Technique for 2-Dimensional VASS');
INSERT INTO Praca VALUES (140, 2019, 3, 140, 'Improved Bounds for the Excluded-Minor Approximation of Treedepth');
INSERT INTO Praca VALUES (141, 2019, 4, 100, 'Energy-optimal broadcast and exploration in a tree using mobile agents');
INSERT INTO Praca VALUES (142, 2019, 12, 200, 'qDSB-Seq is a general method for genome-wide quantification of DNA double-strand breaks using sequencing');
INSERT INTO Praca VALUES (143, 2019, 3, 40, 'A paraconsistent approach to actions in informationally complex environments');
INSERT INTO Praca VALUES (144, 2019, 3, 70, 'Belief Shadowing');
INSERT INTO Praca VALUES (145, 2019, 3, 70, 'Doxastic Group Reasoning via Multiple Belief Shadowing');
INSERT INTO Praca VALUES (146, 2019, 2, 20, 'BDI Model of Connected and Autonomous Vehicles');
INSERT INTO Praca VALUES (147, 2019, 3, 140, 'Simple Refreshing in the Noisy Leakage Model');
INSERT INTO Praca VALUES (148, 2019, 3, 100, 'Unifying Leakage Models: From Probing Attacks to Noisy Leakage');
INSERT INTO Praca VALUES (149, 2019, 4, 200, 'Perun: Virtual Payment Hubs over Cryptocurrencies');
INSERT INTO Praca VALUES (150, 2019, 5, 200, 'Multi-party Virtual State Channels');
INSERT INTO Praca VALUES (151, 2019, 4, 140, 'Progressive Algorithms for Domination and Independence');
INSERT INTO Praca VALUES (152, 2019, 4, 100, 'Jaccard/Tanimoto similarity test and estimation methods for biological presence-absence data');
INSERT INTO Praca VALUES (153, 2019, 9, 200, 'Automatic mapping of atoms across both simple and complex chemical reactions');
INSERT INTO Praca VALUES (154, 2019, 5, 70, 'Biologically sound formal model of Hsp70 heat induction');
INSERT INTO Praca VALUES (155, 2019, 10, 140, 'MIND: A double-linear model to accurately determine monoisotopic precursor mass in high-resolution top-down proteomics');
INSERT INTO Praca VALUES (156, 2019, 4, 70, 'Truncated Robust Principal Component Analysis and Noise Reduction for Single Cell RNA Sequencing Data');
INSERT INTO Praca VALUES (157, 2019, 7, 140, 'masstodon: A tool for assigning peaks and modeling electron transfer reactions in top-down mass spectrometry');
INSERT INTO Praca VALUES (158, 2019, 22, 140, 'Mapping of breakpoints in balanced chromosomal translocations by shallow whole genome sequencing points to EFNA5, BAHD1 and PPP2R5E as novel candidates for genes causing human Mendelian disorders');
INSERT INTO Praca VALUES (159, 2019, 2, 70, 'Credibility of Evolutionary Events in Gene Trees');
INSERT INTO Praca VALUES (160, 2019, 4, 70, 'Mathematical properties of the gene duplication cost');
INSERT INTO Praca VALUES (161, 2019, 3, 140, 'Feasibility Algorithms for the Duplication-Loss Cost');
INSERT INTO Praca VALUES (162, 2019, 13, 200, 'High-Throughput BCR Sequencing and Single-Cell Transcriptomics Reveal Distinct Transcriptional Profiles Associated with Subclonal Evolution of Follicular Lymphoma');
INSERT INTO Praca VALUES (163, 2019, 4, 140, 'Continuous Reachability for Unordered Data Petri Nets is in PTime');
INSERT INTO Praca VALUES (164, 2019, 7, 140, '30 Sensors to Mars: Toward Distributed Support Systems for Astronauts in Space Habitats');
INSERT INTO Praca VALUES (165, 2019, 5, 140, 'GRUNGE: A Grand Unified ATP Challenge');
INSERT INTO Praca VALUES (166, 2019, 2, 140, 'Declarative Proof Translation');
INSERT INTO Praca VALUES (167, 2019, 3, 140, 'Higher-Order Tarski Grothendieck as a Foundation for Formal Proof');
INSERT INTO Praca VALUES (168, 2019, 2, 140, 'Reliable Hubs for Partially-Dynamic All-Pairs Shortest Paths in Directed Graphs');
INSERT INTO Praca VALUES (169, 2019, 2, 140, 'Min-Cost Flow in Unit-Capacity Planar Graphs');
INSERT INTO Praca VALUES (170, 2019, 5, 200, 'Codensity Games for Bisimilarity');
INSERT INTO Praca VALUES (171, 2019, 2, 70, 'Scalar and Vectorial mu-calculus with Atoms');
INSERT INTO Praca VALUES (172, 2019, 2, 200, 'History-Dependent Nominal mu-Calculus');
INSERT INTO Praca VALUES (173, 2019, 4, 70, 'Expressiveness of probabilistic modal logics: A gradual approach');
INSERT INTO Praca VALUES (174, 2019, 5, 70, 'Definable isomorphism problem');
INSERT INTO Praca VALUES (175, 2019, 2, 70, 'Logical properties of random graphs from small addable classes');
INSERT INTO Praca VALUES (176, 2019, 4, 140, 'Fine-Grained Complexity of k-OPT in Bounded-Degree Graphs for Solving TSP');
INSERT INTO Praca VALUES (177, 2019, 5, 70, 'Tight Lower Bounds for the Complexity of Multicoloring');
INSERT INTO Praca VALUES (178, 2019, 2, 140, 'Rare Siblings Speed-Up Deterministic Detection and Counting of Small Pattern Graphs');
INSERT INTO Praca VALUES (179, 2019, 2, 100, 'A fast deterministic detection of small pattern graphs in graphs without large cliques');
INSERT INTO Praca VALUES (180, 2019, 7, 140, 'Structure and function of the Ts2631 endolysin of Thermus scotoductus phage vB_Tsc2631 with unique N-terminal extension used for peptidoglycan binding');
INSERT INTO Praca VALUES (181, 2019, 4, 140, 'Enumerating Connected Subgraphs and Computing the Myerson and Shapley Values in Graph-restricted Games');
INSERT INTO Praca VALUES (182, 2019, 4, 200, 'Attachment Centrality: Measure for Connectivity in Networks');
INSERT INTO Praca VALUES (183, 2019, 3, 140, 'Strategic Attack '||'&'||' Defense in Security Diffusion Games');
INSERT INTO Praca VALUES (184, 2019, 5, 200, 'Attacking Similarity-Based Link Prediction in Social Networks');
INSERT INTO Praca VALUES (185, 2019, 5, 100, 'A Measure of Added Value in Groups');
INSERT INTO Praca VALUES (186, 2019, 6, 140, 'How to Hide one’s Relationships from Link prediction Algorithms');
INSERT INTO Praca VALUES (187, 2019, 3, 200, 'Adversarial Robustness of Similarity-Based Link Prediction');
INSERT INTO Praca VALUES (188, 2019, 3, 200, 'A Subquadratic Approximation Scheme for Partition');
INSERT INTO Praca VALUES (189, 2019, 4, 140, 'Equal-subset-sum faster than the meet-in-the-middle');
INSERT INTO Praca VALUES (190, 2019, 3, 70, 'On the semantics of Cypher''s implicit group-by');
INSERT INTO Praca VALUES (191, 2019, 5, 200, 'On Finite and Unrestricted Query Entailment beyond SQ with Number Restrictions on Transitive Roles');
INSERT INTO Praca VALUES (192, 2019, 2, 70, 'Credibility of Evolutionary Events in Gene Trees');
INSERT INTO Praca VALUES (193, 2019, 1, 100, 'The Influence of the Test Operator on the Expressive Power of PDL-like Logics');
INSERT INTO Praca VALUES (194, 2019, 1, 200, 'Bisimilarity in Fuzzy Description Logics Under the Zadeh Semantics');
INSERT INTO Praca VALUES (195, 2019, 2, 70, 'Minimizing interpretations in fuzzy description logics under the Gödel semantics by using fuzzy bisimulations');
INSERT INTO Praca VALUES (196, 2019, 2, 100, 'An expressive and tractable rule-based description language');
INSERT INTO Praca VALUES (197, 2019, 2, 20, 'Bisimulations for Fuzzy Description Logics with Involutive Negation Under the Gödel Semantics');
INSERT INTO Praca VALUES (198, 2019, 2, 20, 'Incorporating Stratified Negation into Query-Subquery Nets for Evaluating Queries to Stratified Deductive Databases');
INSERT INTO Praca VALUES (199, 2019, 5, 200, 'PyLink: a PyMOL plugin to identify links');
INSERT INTO Praca VALUES (200, 2019, 3, 140, 'Defining and detecting links in chromosomes');
INSERT INTO Praca VALUES (201, 2019, 1, 140, 'Parity Games: Zielonka''s Algorithm in Quasi-Polynomial Time');
INSERT INTO Praca VALUES (202, 2019, 1, 20, 'Extensions of the Caucal Hierarchy?');
INSERT INTO Praca VALUES (203, 2019, 2, 140, 'Inferring duplication episodes from unrooted gene trees');
INSERT INTO Praca VALUES (204, 2019, 2, 70, 'Efficient algorithms for genomic duplication models');
INSERT INTO Praca VALUES (205, 2019, 1, 100, 'The Worst Balanced Partially Ordered Sets—Ladders with Broken Rungs');
INSERT INTO Praca VALUES (206, 2019, 2, 100, 'Finding Hamiltonian Cycle in Graphs of Bounded Treewidth: Experimental Evaluation');
INSERT INTO Praca VALUES (207, 2019, 2, 70, 'Deleting Vertices to Graphs of Bounded Genus');
INSERT INTO Praca VALUES (208, 2019, 3, 70, 'An Exponential Lower Bound for Cut Sparsifiers in Planar Graphs');
INSERT INTO Praca VALUES (209, 2019, 4, 200, 'Polynomial-time algorithm for Maximum Weight Independent Set on P6-free graphs');
INSERT INTO Praca VALUES (210, 2019, 3, 70, 'Turing Kernelization for Finding Long Paths in Graph Classes Excluding a Topological Minor');
INSERT INTO Praca VALUES (211, 2019, 5, 100, 'Empirical Evaluation of Approximation Algorithms for Generalized Graph Coloring and Uniform Quasi-wideness');
INSERT INTO Praca VALUES (212, 2019, 6, 70, 'Subexponential-Time Algorithms for Maximum Independent Set in P_t-Free and Broom-Free Graphs');
INSERT INTO Praca VALUES (213, 2019, 3, 140, 'A Deterministic Polynomial Kernel for Odd Cycle Transversal and Vertex Multiway Cut in Planar Graphs');
INSERT INTO Praca VALUES (214, 2019, 3, 140, 'Efficient Approximation Schemes for Uniform-Cost Clustering Problems in Planar Graphs');
INSERT INTO Praca VALUES (215, 2019, 5, 140, 'Packing Directed Circuits Quarter-Integrally');
INSERT INTO Praca VALUES (216, 2019, 3, 200, 'A Polynomial-Time Approximation Scheme for Facility Location on Planar Graphs');
INSERT INTO Praca VALUES (217, 2019, 2, 200, 'Polynomial bounds for centered colorings on proper minor-closed graph classes');
INSERT INTO Praca VALUES (218, 2019, 6, 70, 'Subexponential-Time Algorithms for Finding Large Induced Sparse Subgraphs');
INSERT INTO Praca VALUES (219, 2019, 6, 140, 'Integer Programming and Incidence Treedepth');
INSERT INTO Praca VALUES (220, 2019, 2, 140, 'Reachability for Bounded Branching VASS');
INSERT INTO Praca VALUES (221, 2019, 2, 140, 'On width measures and topological problems on semi-complete digraphs');
INSERT INTO Praca VALUES (222, 2019, 4, 140, 'On Geometric Set Cover for Orthants');
INSERT INTO Praca VALUES (223, 2019, 3, 140, 'Tight Complexity Lower Bounds for Integer Linear Programming with Few Constraints');
INSERT INTO Praca VALUES (224, 2019, 2, 100, 'A note on the complexity of a phaseless polynomial interpolation');
INSERT INTO Praca VALUES (225, 2019, 6, 20, 'Efficient Representation and Counting of Antipower Factors in Words');
INSERT INTO Praca VALUES (226, 2019, 9, 70, 'Quasi-Linear-Time Algorithm for Longest Common Circular Factor');
INSERT INTO Praca VALUES (227, 2019, 8, 140, 'Circular Pattern Matching with k Mismatches');
INSERT INTO Praca VALUES (228, 2019, 8, 70, 'Weighted Shortest Common Supersequence Problem Revisited');
INSERT INTO Praca VALUES (229, 2019, 4, 70, 'On-line weighted pattern matching');
INSERT INTO Praca VALUES (230, 2019, 3, 70, 'Longest Common Substring with Approximately k Mismatches');
INSERT INTO Praca VALUES (231, 2019, 3, 70, 'Quasi-Periodicity in Streams');
INSERT INTO Praca VALUES (232, 2019, 3, 40, 'Pattern Matching and Consensus Problems on Weighted Sequences and Profiles');
INSERT INTO Praca VALUES (233, 2019, 4, 140, 'Longest Common Substring Made Fully Dynamic');
INSERT INTO Praca VALUES (234, 2019, 6, 140, 'Internal Dictionary Matching');
INSERT INTO Praca VALUES (235, 2019, 2, 20, 'Syntactic View of Sigma-Tau Generation of Permutations');
INSERT INTO Praca VALUES (236, 2019, 2, 140, 'Optimizing Egalitarian Performance when Colocating Tasks with Types for Cloud Data Center Resource Management');
INSERT INTO Praca VALUES (237, 2019, 5, 200, '(1 + epsilon)-Approximate Incremental Matching in Constant Deterministic Amortized Time');
INSERT INTO Praca VALUES (238, 2019, 2, 200, 'Fair Knapsack');
INSERT INTO Praca VALUES (239, 2019, 2, 200, 'A Quantitative Analysis of Multi-Winner Rules');
INSERT INTO Praca VALUES (240, 2019, 2, 200, 'Approval-Based Elections and Distortion of Voting Rules');
INSERT INTO Praca VALUES (241, 2019, 4, 70, 'Committee Scoring Rules: Axiomatic Characterization and Hierarchy');
INSERT INTO Praca VALUES (242, 2019, 3, 200, 'Axiomatic characterization of committee scoring rules');
INSERT INTO Praca VALUES (243, 2019, 4, 200, 'Proportional Representation in Elections: STV vs PAV');
INSERT INTO Praca VALUES (244, 2019, 3, 200, 'Matchings under Preferences: Strength of Stability and Trade-Offs');
INSERT INTO Praca VALUES (245, 2019, 5, 200, 'How Similar Are Two Elections?');
INSERT INTO Praca VALUES (246, 2019, 3, 140, 'Uniformisation Gives the Full Strength of Regular Languages');
INSERT INTO Praca VALUES (247, 2019, 4, 70, 'The logical strength of Büchi''s decidability theorem');
INSERT INTO Praca VALUES (248, 2019, 10, 20, 'Multivariate Ovulation Window Detection at OvuFriend');
INSERT INTO Praca VALUES (249, 2019, 2, 70, 'On Boolean Representation of Continuous Data Biclustering');
INSERT INTO Praca VALUES (250, 2019, 2, 200, 'On resilient feature selection: Computational foundations of r-C-reducts');
INSERT INTO Praca VALUES (251, 2019, 3, 40, 'Paraconsistent Reasoning in Cops and Robber Game with Uncertain Information: A Simulation-Based Analysis');
INSERT INTO Praca VALUES (252, 2019, 1, 20, 'Decision-Making Support Using Nonmonotonic Probabilistic Reasoning');
INSERT INTO Praca VALUES (253, 2019, 2, 200, 'Learning signaling networks from combinatorial perturbations by exploiting siRNA off-target effects');
INSERT INTO Praca VALUES (254, 2019, 4, 140, 'ARA: accurate, reliable and active histopathological image classification framework with Bayesian deep learning');
INSERT INTO Praca VALUES (255, 2019, 3, 100, 'QChromosomeVisualizer: A new tool for 3D visualization of long simulations of polymer-like chromosome models');
INSERT INTO Praca VALUES (256, 2019, 3, 200, 'Random Walk Decay Centrality');
INSERT INTO Praca VALUES (257, 2019, 3, 200, 'Approximating APSP without Scaling: Equivalence of Approximate Min-plus and Exact Min-Max');
INSERT INTO Praca VALUES (258, 2019, 2, 70, 'BPscore: an effective metric for meaningful comparisons of structural chromosome segmentations');
INSERT INTO Praca VALUES (259, 2019, 1, 70, 'Clifford Algebras Meet Tree Decompositions');
INSERT INTO Praca VALUES (260, 2019, 5, 200, 'Losing Treewidth by Separating Subsets');
INSERT INTO Praca VALUES (261, 2019, 5, 140, 'Constant-Factor FPT Approximation for Capacitated k-Median');
INSERT INTO Praca VALUES (262, 2020, 15, 140, 'Lessons from Communication Problems that Nearly Jeopardized Development of Hardware-Software Support for a 1000-Device IoT Testbed');
INSERT INTO Praca VALUES (263, 2020, 4, 140, 'ImaGINator: Conditional Spatio-Temporal GAN for Video Generation');
INSERT INTO Praca VALUES (264, 2020, 4, 200, 'G3AN: Disentangling motion and appearance for video generation');
INSERT INTO Praca VALUES (265, 2020, 4, 200, 'Extensions of ω-Regular Languages');
INSERT INTO Praca VALUES (266, 2020, 2, 200, 'First-order tree-to-tree functions');
INSERT INTO Praca VALUES (267, 2020, 2, 140, 'Single-Use Automata and Transducers for Infinite Alphabets');
INSERT INTO Praca VALUES (268, 2020, 2, 140, 'Some Remarks on Deciding Equivalence for Graph-To-Graph Transducers');
INSERT INTO Praca VALUES (269, 2020, 5, 70, 'Undecidability of a weak version of MSO+U');
INSERT INTO Praca VALUES (270, 2020, 7, 200, 'From Gap-Exponential Time Hypothesis to Fixed Parameter Tractable Inapproximability: Clique, Dominating Set, and More');
INSERT INTO Praca VALUES (271, 2020, 5, 140, 'Lower Bounds for the Parameterized Complexity of Minimum Fill-in and Other Completion Problems');
INSERT INTO Praca VALUES (272, 2020, 2, 200, 'An Approach to Regular Separability in Vector Addition Systems');
INSERT INTO Praca VALUES (273, 2020, 5, 140, 'Reachability in Fixed Dimension Vector Addition Systems with States');
INSERT INTO Praca VALUES (274, 2020, 3, 140, 'Universality Problem for Unambiguous VASS');
INSERT INTO Praca VALUES (275, 2020, 2, 140, 'Getting insight into the pan-genome structure with PangTree');
INSERT INTO Praca VALUES (276, 2020, 4, 140, 'Dimensionality Reduction for k-Distance Applied to Persistent Homology');
INSERT INTO Praca VALUES (277, 2020, 3, 200, 'A game of hide and seek in networks');
INSERT INTO Praca VALUES (278, 2020, 3, 200, 'The strategy of conquest');
INSERT INTO Praca VALUES (279, 2020, 4, 140, 'A PTAS for Euclidean TSP with Hyperplane Neighborhoods');
INSERT INTO Praca VALUES (280, 2020, 6, 20, 'Drawing graphs on few lines and few planes');
INSERT INTO Praca VALUES (281, 2020, 3, 100, 'Low Entropy Sub-Networks Prevent the Integration of Metabolomic and Transcriptomic Data');
INSERT INTO Praca VALUES (282, 2020, 7, 70, 'Masserstein: Linear regression of mass spectra by optimal transport');
INSERT INTO Praca VALUES (283, 2020, 3, 200, 'Knot_pull—python package for biopolymer smoothing and knot detection');
INSERT INTO Praca VALUES (284, 2020, 20, 140, 'Breakpoint mapping of symptomatic balanced translocations links the EPHA6, KLF13 and UBR3 genes to novel disease phenotype');
INSERT INTO Praca VALUES (285, 2020, 9, 140, 'New Hybrid Quantum Annealing Algorithms for Solving Vehicle Routing Problem');
INSERT INTO Praca VALUES (286, 2020, 3, 100, 'Exact median-tree inference for unrooted reconciliation costs');
INSERT INTO Praca VALUES (287, 2020, 3, 70, 'Minimizing genomic duplication episodes');
INSERT INTO Praca VALUES (288, 2020, 4, 140, 'Parametrized Universality Problems for One-Counter Nets');
INSERT INTO Praca VALUES (289, 2020, 5, 140, 'Human Nature: The Subject and the Headache of IoT-Based Sociometric Studies');
INSERT INTO Praca VALUES (290, 2020, 4, 20, 'On Positive-Correlation-Promoting Reducts');
INSERT INTO Praca VALUES (291, 2020, 2, 140, 'Single-Source Shortest Paths and Strong Connectivity in Dynamic Planar Graphs');
INSERT INTO Praca VALUES (292, 2020, 1, 140, 'Bisimulational categoricity');
INSERT INTO Praca VALUES (293, 2020, 5, 140, 'Many Visits TSP Revisited');
INSERT INTO Praca VALUES (294, 2020, 2, 70, 'The Asymmetric Travelling Salesman Problem In Sparse Digraphs');
INSERT INTO Praca VALUES (295, 2020, 6, 70, 'The PACE 2020 Parameterized Algorithms and Computational Experiments Challenge: Treedepth');
INSERT INTO Praca VALUES (296, 2020, 2, 70, 'A simple approach to nondecreasing paths');
INSERT INTO Praca VALUES (297, 2020, 9, 200, 'A High-Throughput Screen for Transcription Activation Domains Reveals Their Sequence Features and Permits Prediction by Deep Learning');
INSERT INTO Praca VALUES (298, 2020, 2, 70, 'WQO dichotomy for 3-graph');
INSERT INTO Praca VALUES (299, 2020, 5, 100, 'Petri net–based model of the human DNA base excision repair pathway');
INSERT INTO Praca VALUES (300, 2020, 2, 70, 'Fair division in the presence of externalities');
INSERT INTO Praca VALUES (301, 2020, 5, 200, 'Deep Learning Versus Traditional Solutions for Group Trajectory Outliers');
INSERT INTO Praca VALUES (302, 2020, 3, 200, 'Hiding in Multilayer Networks');
INSERT INTO Praca VALUES (303, 2020, 5, 70, 'Partition decision trees: representation for efficient computation of the Shapley value extended to games with externalities');
INSERT INTO Praca VALUES (304, 2020, 5, 200, 'Signed Graph Games: Coalitional Games with Friends, Enemies and Allies');
INSERT INTO Praca VALUES (305, 2020, 4, 200, 'The Manipulability of Centrality Measures-An Axiomatic Approach');
INSERT INTO Praca VALUES (306, 2020, 2, 70, 'Improved approximation for Fractionally Subadditive Network Design');
INSERT INTO Praca VALUES (307, 2020, 5, 200, 'On Finite Entailment of Non-Local Queries in Description Logics');
INSERT INTO Praca VALUES (308, 2020, 6, 140, 'Ontology Focusing: Knowledge-Enriched Databases on Demand');
INSERT INTO Praca VALUES (309, 2020, 5, 140, 'Bisimulation and bisimilarity for fuzzy description logics under the Gödel semantics');
INSERT INTO Praca VALUES (310, 2020, 1, 140, 'ExpTime Tableaux with Global Caching for Hybrid PDL');
INSERT INTO Praca VALUES (311, 2020, 3, 140, 'GLN: a method to reveal unique properties of lasso type topology in proteins');
INSERT INTO Praca VALUES (312, 2020, 5, 140, 'Topoly: Python package to analyze topology of polymers');
INSERT INTO Praca VALUES (313, 2020, 3, 140, 'Computing Measures of Weak-MSO Definable Sets of Trees');
INSERT INTO Praca VALUES (314, 2020, 3, 70, 'A Quasi-Polynomial Black-Box Algorithm for Fixed Point Evaluation');
INSERT INTO Praca VALUES (315, 2020, 1, 70, 'A Type System Describing Unboundedness');
INSERT INTO Praca VALUES (316, 2020, 2, 200, 'Bisimulation Finiteness of Pushdown Systems Is Elementary');
INSERT INTO Praca VALUES (317, 2020, 4, 140, 'Cost Automata, Safe Schemes, and Downward Closures');
INSERT INTO Praca VALUES (318, 2020, 1, 70, 'Higher-Order Nonemptiness Step by Step');
INSERT INTO Praca VALUES (319, 2020, 1, 70, 'On the Expressive Power of Higher-Order Pushdown Systems');
INSERT INTO Praca VALUES (320, 2020, 1, 70, 'Parity Games: Another View on Lehtinen''s Algorithm');
INSERT INTO Praca VALUES (321, 2020, 1, 70, 'Recursion Schemes, the MSO Logic, and the U quantifier');
INSERT INTO Praca VALUES (322, 2020, 2, 70, 'A Double Exponential Lower Bound for the Distinct Vectors Problem');
INSERT INTO Praca VALUES (323, 2020, 5, 140, 'The Complexity of Connectivity Problems in Forbidden-Transition Graphs And Edge-Colored Graphs');
INSERT INTO Praca VALUES (324, 2020, 2, 40, 'An Improved FPT Algorithm for Independent Feedback Vertex Set');
INSERT INTO Praca VALUES (325, 2020, 4, 100, 'On the Maximum Weight Independent Set Problem in Graphs without Induced Cycles of Length at Least Five');
INSERT INTO Praca VALUES (326, 2020, 4, 200, 'Quasi-polynomial time approximation schemes for the Maximum Weight Independent Set Problem in H-free graphs');
INSERT INTO Praca VALUES (327, 2020, 5, 70, 'Two lower bounds for p-centered colorings');
INSERT INTO Praca VALUES (328, 2020, 4, 140, 'Hamiltonian Cycle Parameterized by Treedepth in Single Exponential Time and Polynomial Space');
INSERT INTO Praca VALUES (329, 2020, 3, 200, 'Shorter Labeling Schemes for Planar Graphs');
INSERT INTO Praca VALUES (330, 2020, 2, 140, 'VC Density of Set Systems Definable in Tree-Like Graphs');
INSERT INTO Praca VALUES (331, 2020, 5, 200, 'An exponential time parameterized algorithm for planar disjoint paths');
INSERT INTO Praca VALUES (332, 2020, 4, 100, 'Clustering Powers of Sparse Graphs');
INSERT INTO Praca VALUES (333, 2020, 5, 140, 'Enumerating Minimal Dominating Sets in Kt-free Graphs and Variants');
INSERT INTO Praca VALUES (334, 2020, 5, 140, 'Finding Large H-Colorable Subgraphs in Hereditary Graph Classes');
INSERT INTO Praca VALUES (335, 2020, 7, 100, 'First-Order Interpretations of Bounded Expansion Classes');
INSERT INTO Praca VALUES (336, 2020, 9, 100, 'Model-Checking on Ordered Structures');
INSERT INTO Praca VALUES (337, 2020, 5, 140, 'On Polynomial Recursive Sequences');
INSERT INTO Praca VALUES (338, 2020, 3, 100, 'On low rank-width colorings');
INSERT INTO Praca VALUES (339, 2020, 3, 70, 'Quasi-Polynomial Time Approximation Schemes for Packing and Covering Problems in Planar Graphs');
INSERT INTO Praca VALUES (340, 2020, 3, 70, 'Tight Complexity Lower Bounds for Integer Linear Programming with Few Constraints');
INSERT INTO Praca VALUES (341, 2020, 5, 140, 'A Linear-Time Algorithm for Seeds Computation');
INSERT INTO Praca VALUES (342, 2020, 4, 70, 'Approximating Longest Common Substring with k mismatches: Theory and Practice');
INSERT INTO Praca VALUES (343, 2020, 8, 70, 'Counting Distinct Patterns in Internal Dictionary Matching');
INSERT INTO Praca VALUES (344, 2020, 4, 70, 'Dynamic and Internal Longest Common Substring');
INSERT INTO Praca VALUES (345, 2020, 2, 140, 'Efficient Computation of 2-Covers of a String');
INSERT INTO Praca VALUES (346, 2020, 5, 70, 'Efficient Enumeration of Distinct Factors Using Package Representations');
INSERT INTO Praca VALUES (347, 2020, 6, 100, 'Faster algorithms for 1-mappability of a sequence');
INSERT INTO Praca VALUES (348, 2020, 5, 70, 'Indexing weighted sequences: Neat and efficient');
INSERT INTO Praca VALUES (349, 2020, 7, 70, 'Internal Quasiperiod Queries');
INSERT INTO Praca VALUES (350, 2020, 7, 20, 'Shortest Covers of All Cyclic Shifts of a String');
INSERT INTO Praca VALUES (351, 2020, 2, 70, 'Streaming k-mismatch with error correcting and applications');
INSERT INTO Praca VALUES (352, 2020, 6, 70, 'String periods in the order-preserving model');
INSERT INTO Praca VALUES (353, 2020, 6, 140, 'The Number of Repetitions in 2D-Strings');
INSERT INTO Praca VALUES (354, 2020, 5, 70, 'Unary Words Have the Smallest Levenshtein k-Neighbourhoods');
INSERT INTO Praca VALUES (355, 2020, 5, 100, 'Universal reconstruction of a string');
INSERT INTO Praca VALUES (356, 2020, 2, 70, 'k-Approximate Quasiperiodicity under Hamming and Edit Distance');
INSERT INTO Praca VALUES (357, 2020, 11, 140, 'Autopilot: workload autoscaling at Google');
INSERT INTO Praca VALUES (358, 2020, 2, 70, 'Scheduling Methods to Reduce Response Latency of Function as a Service');
INSERT INTO Praca VALUES (359, 2020, 2, 100, 'Derived Hall algebras of one-cycle gentle algebras: The infinite global dimension case');
INSERT INTO Praca VALUES (360, 2020, 1, 200, 'Complexity of Computing the Shapley Value in Games with Externalities');
INSERT INTO Praca VALUES (361, 2020, 2, 200, 'Comparing election methods where each voter ranks only few candidates');
INSERT INTO Praca VALUES (362, 2020, 3, 70, 'A characterization of the single-peaked single-crossing domain');
INSERT INTO Praca VALUES (363, 2020, 5, 200, 'Drawing a map of elections in the space of statistical cultures');
INSERT INTO Praca VALUES (364, 2020, 2, 200, 'Evaluating committees for representative democracies: The distortion and beyond');
INSERT INTO Praca VALUES (365, 2020, 5, 100, 'Mixed integer programming with convex/concave constraints: Fixed-parameter tractability and applications to multicovering and voting');
INSERT INTO Praca VALUES (366, 2020, 3, 200, 'Price of fairness in budget division and probabilistic social choice');
INSERT INTO Praca VALUES (367, 2020, 2, 200, 'Proportionality and the Limits of Welfarism');
INSERT INTO Praca VALUES (368, 2020, 2, 200, 'Utilitarian welfare and representation guarantees of approval-based multiwinner rules');
INSERT INTO Praca VALUES (369, 2020, 4, 70, 'On the Succinctness of Alternating Parity Good-For-Games Automata');
INSERT INTO Praca VALUES (370, 2020, 2, 140, 'Regular Choice Functions and Uniformisations For countable Domains');
INSERT INTO Praca VALUES (371, 2020, 3, 200, 'Uniformisations of Regular Relations Over Bi-Infinite Words');
INSERT INTO Praca VALUES (372, 2020, 4, 40, 'Research on Heuristic Optimization and Operations in IoT');
INSERT INTO Praca VALUES (373, 2020, 2, 20, 'Approximate Decision Tree Induction over Approximately Engineered Data Features');
INSERT INTO Praca VALUES (374, 2020, 4, 200, 'From Big Data to business analytics: The case study of churn prediction');
INSERT INTO Praca VALUES (375, 2020, 3, 100, 'Heuristic Search of Exact Biclusters in Binary Data');
INSERT INTO Praca VALUES (376, 2020, 4, 140, 'Rough-set-driven approach for attribute reduction in fuzzy formal concept analysis');
INSERT INTO Praca VALUES (377, 2020, 2, 20, 'The Problem of Finding the Simplest Classifier Ensemble is NP-Hard – A Rough-Set-Inspired Formulation Based on Decision Bireducts');
INSERT INTO Praca VALUES (378, 2020, 3, 140, 'IsoSpec2: Ultrafast Fine Structure Calculator');
INSERT INTO Praca VALUES (379, 2020, 7, 200, 'Algorithmic Discovery of Tactical Combinations for Advanced Organic Syntheses');
INSERT INTO Praca VALUES (380, 2020, 1, 20, 'A Paraconsistent ASP-like Language with Tractable Model Generation');
INSERT INTO Praca VALUES (381, 2020, 1, 40, 'On the Probability and Cost of Ignorance, Inconsistency, Nonsense and More');
INSERT INTO Praca VALUES (382, 2020, 2, 20, 'Rough Forgetting');
INSERT INTO Praca VALUES (383, 2020, 4, 140, 'A mathematical model of the metastatic bottleneck predicts patient outcome and response to cancer treatment');
INSERT INTO Praca VALUES (384, 2020, 52, 200, 'Eleven grand challenges in single-cell data science');
INSERT INTO Praca VALUES (385, 2020, 8, 140, 'Feature selection strategies for drug sensitivity prediction');
INSERT INTO Praca VALUES (386, 2020, 3, 70, 'The Unconstrained Diameters of the Duplication-Loss Cost and the Loss Cost');
INSERT INTO Praca VALUES (387, 2020, 1, 200, 'Aggregate Queries on Sparse Databases');
INSERT INTO Praca VALUES (388, 2020, 2, 200, 'Register Automata with Extrema Constraints, and an Application to Two-Variable Logic');
INSERT INTO Praca VALUES (389, 2020, 2, 70, 'Automated inference of gene regulatory networks using explicit regulatory modules');


INSERT INTO Autor VALUES ('Adamczyk',1,'2,4');
INSERT INTO Autor VALUES ('Barozzini',1,'1,6');
INSERT INTO Autor VALUES ('Bellitto',0,'1,6');
INSERT INTO Autor VALUES ('Biecek',0,'1,78');
INSERT INTO Autor VALUES ('Bilinski',1,'3,2');
INSERT INTO Autor VALUES ('Bojanczyk',1,'4');
INSERT INTO Autor VALUES ('Celinska-Kopczynska',0,'2,4');
INSERT INTO Autor VALUES ('Charalampopoulos',0,'1');
INSERT INTO Autor VALUES ('Chen',0,'1');
INSERT INTO Autor VALUES ('Chengot Sankaramenon',0,'1,6');
INSERT INTO Autor VALUES ('Chung',1,'4');
INSERT INTO Autor VALUES ('Clemente',1,'4');
INSERT INTO Autor VALUES ('Cygan',1,'4');
INSERT INTO Autor VALUES ('Cyranka',0,'2,4');
INSERT INTO Autor VALUES ('Czerwinski',1,'4');
INSERT INTO Autor VALUES ('Darvish Shafighi',1,'2,4');
INSERT INTO Autor VALUES ('Defrain',0,'1');
INSERT INTO Autor VALUES ('Diks',1,'4');
INSERT INTO Autor VALUES ('Dojer',1,'4');
INSERT INTO Autor VALUES ('Dross',0,'1');
INSERT INTO Autor VALUES ('Dunin-Keplicz',1,'4');
INSERT INTO Autor VALUES ('Dutta',0,'2,4');
INSERT INTO Autor VALUES ('Dziembowski',1,'4');
INSERT INTO Autor VALUES ('Dziubinski',1,'4');
INSERT INTO Autor VALUES ('Fabianski',0,'1,64');
INSERT INTO Autor VALUES ('Fleszar',1,'2,4');
INSERT INTO Autor VALUES ('Gajarský',0,'1');
INSERT INTO Autor VALUES ('Gambin',1,'4');
INSERT INTO Autor VALUES ('Geniet',0,'1');
INSERT INTO Autor VALUES ('Gogacz',1,'4');
INSERT INTO Autor VALUES ('Gogolewski',0,'1,76');
INSERT INTO Autor VALUES ('Gora',0,'1,6');
INSERT INTO Autor VALUES ('Gorecki',1,'4');
INSERT INTO Autor VALUES ('Hofman',1,'4');
INSERT INTO Autor VALUES ('Iwanicki',1,'4');
INSERT INTO Autor VALUES ('Jankowski',0,'1,6');
INSERT INTO Autor VALUES ('Janusz',1,'4');
INSERT INTO Autor VALUES ('Jaworski',1,'2,4');
INSERT INTO Autor VALUES ('Kaliszyk',1,'1');
INSERT INTO Autor VALUES ('Kang',1,'2,4');
INSERT INTO Autor VALUES ('Karczmarz',1,'2,08');
INSERT INTO Autor VALUES ('Kazana',1,'2');
INSERT INTO Autor VALUES ('Kelmendi',0,'1');
INSERT INTO Autor VALUES ('Kiefer',0,'1');
INSERT INTO Autor VALUES ('Klin',1,'4');
INSERT INTO Autor VALUES ('Kolodziejski',1,'2,4');
INSERT INTO Autor VALUES ('Kopczynski',1,'4');
INSERT INTO Autor VALUES ('Kowalik',1,'4');
INSERT INTO Autor VALUES ('Kowaluk',1,'4');
INSERT INTO Autor VALUES ('Kozlowski',1,'3,2');
INSERT INTO Autor VALUES ('Lasota',1,'4');
INSERT INTO Autor VALUES ('Lhote',0,'1,6');
INSERT INTO Autor VALUES ('Li',1,'3,2');
INSERT INTO Autor VALUES ('Machnicka',1,'3,2');
INSERT INTO Autor VALUES ('Majewski',0,'1,44');
INSERT INTO Autor VALUES ('Mari',0,'1');
INSERT INTO Autor VALUES ('Masarik',0,'1,6');
INSERT INTO Autor VALUES ('Michalak',1,'4');
INSERT INTO Autor VALUES ('Michalewski',1,'1,25');
INSERT INTO Autor VALUES ('Michielini',1,'3,2');
INSERT INTO Autor VALUES ('Mucha',1,'4');
INSERT INTO Autor VALUES ('Mukherjee',0,'1,6');
INSERT INTO Autor VALUES ('Murlak',1,'4');
INSERT INTO Autor VALUES ('Muzi',0,'1,6');
INSERT INTO Autor VALUES ('Nadara',1,'2,4');
INSERT INTO Autor VALUES ('Nguyen AL',1,'4');
INSERT INTO Autor VALUES ('Nguyen HS',1,'4');
INSERT INTO Autor VALUES ('Niemyska',1,'4');
INSERT INTO Autor VALUES ('Niwinski',1,'4');
INSERT INTO Autor VALUES ('Novotná',0,'2,4');
INSERT INTO Autor VALUES ('Nyporko',0,'1');
INSERT INTO Autor VALUES ('Odrzygoźdź',0,'1');
INSERT INTO Autor VALUES ('Okrasa',0,'2,4');
INSERT INTO Autor VALUES ('Pacuk',0,'2');
INSERT INTO Autor VALUES ('Parys',1,'4');
INSERT INTO Autor VALUES ('Paszek',0,'1,6');
INSERT INTO Autor VALUES ('Pawlewicz',1,'4');
INSERT INTO Autor VALUES ('Pilipczuk Ma',1,'4');
INSERT INTO Autor VALUES ('Pilipczuk Mi',1,'4');
INSERT INTO Autor VALUES ('Plandowski',1,'4');
INSERT INTO Autor VALUES ('Pratt-Hartmann',0,'1');
INSERT INTO Autor VALUES ('Przybylski',0,'1,6');
INSERT INTO Autor VALUES ('Przybylek',1,'2,4');
INSERT INTO Autor VALUES ('Radoszewski',1,'4');
INSERT INTO Autor VALUES ('Rosa',0,'1');
INSERT INTO Autor VALUES ('Rutka',0,'1,6');
INSERT INTO Autor VALUES ('Rytter',1,'2');
INSERT INTO Autor VALUES ('Rzadca',1,'3,2');
INSERT INTO Autor VALUES ('Rzazewski',0,'1');
INSERT INTO Autor VALUES ('Salamanca Tellez',1,'4');
INSERT INTO Autor VALUES ('Sankowski',1,'4');
INSERT INTO Autor VALUES ('Schmude',1,'3,2');
INSERT INTO Autor VALUES ('Schubert',1,'4');
INSERT INTO Autor VALUES ('Skibski',1,'4');
INSERT INTO Autor VALUES ('Skowron',1,'3,2');
INSERT INTO Autor VALUES ('Skrzypczak',1,'4');
INSERT INTO Autor VALUES ('Smulewicz',1,'3,2');
INSERT INTO Autor VALUES ('Sokolowski',0,'1,44');
INSERT INTO Autor VALUES ('Sorge',0,'1,6');
INSERT INTO Autor VALUES ('Sroka',1,'4');
INSERT INTO Autor VALUES ('Startek',1,'4');
INSERT INTO Autor VALUES ('Stefanski',0,'1,6');
INSERT INTO Autor VALUES ('Stencel',1,'4');
INSERT INTO Autor VALUES ('Straszynski',0,'1');
INSERT INTO Autor VALUES ('Szalas',1,'4');
INSERT INTO Autor VALUES ('Szczurek',1,'4');
INSERT INTO Autor VALUES ('Slezak',1,'4');
INSERT INTO Autor VALUES ('Tarlecki',1,'4');
INSERT INTO Autor VALUES ('Tempczyk',0,'1,4');
INSERT INTO Autor VALUES ('Tiuryn',1,'3,2');
INSERT INTO Autor VALUES ('Torunczyk',1,'4');
INSERT INTO Autor VALUES ('Tuszynska',1,'3,2');
INSERT INTO Autor VALUES ('Tyszkiewicz',1,'4');
INSERT INTO Autor VALUES ('Urzyczyn',1,'4');
INSERT INTO Autor VALUES ('Vigny',0,'1');
INSERT INTO Autor VALUES ('Walen',1,'4');
INSERT INTO Autor VALUES ('Wasilewski',1,'4');
INSERT INTO Autor VALUES ('Wegrzycki',1,'2,88');
INSERT INTO Autor VALUES ('Wilczynski',1,'4');
INSERT INTO Autor VALUES ('Witkowski',0,'2,4');
INSERT INTO Autor VALUES ('Wlodarczyk',1,'2,32');
INSERT INTO Autor VALUES ('Wrochna',0,'1');
INSERT INTO Autor VALUES ('Wygocki',1,'2,4');
INSERT INTO Autor VALUES ('Zanka',0,'1');
INSERT INTO Autor VALUES ('Zych-Pawlewicz',1,'4');


INSERT INTO Autorstwo VALUES (1,'Schubert');
INSERT INTO Autorstwo VALUES (2,'Clemente');
INSERT INTO Autorstwo VALUES (2,'Czerwinski');
INSERT INTO Autorstwo VALUES (2,'Lasota');
INSERT INTO Autorstwo VALUES (3,'Clemente');
INSERT INTO Autorstwo VALUES (3,'Czerwinski');
INSERT INTO Autorstwo VALUES (3,'Lasota');
INSERT INTO Autorstwo VALUES (4,'Clemente');
INSERT INTO Autorstwo VALUES (4,'Lasota');
INSERT INTO Autorstwo VALUES (5,'Czerwinski');
INSERT INTO Autorstwo VALUES (5,'Lasota');
INSERT INTO Autorstwo VALUES (6,'Dunin-Keplicz');
INSERT INTO Autorstwo VALUES (6,'Szalas');
INSERT INTO Autorstwo VALUES (7,'Dunin-Keplicz');
INSERT INTO Autorstwo VALUES (7,'Szalas');
INSERT INTO Autorstwo VALUES (8,'Dziubinski');
INSERT INTO Autorstwo VALUES (9,'Gorecki');
INSERT INTO Autorstwo VALUES (10,'Gorecki');
INSERT INTO Autorstwo VALUES (10,'Paszek');
INSERT INTO Autorstwo VALUES (11,'Hofman');
INSERT INTO Autorstwo VALUES (12,'Hofman');
INSERT INTO Autorstwo VALUES (13,'Hofman');
INSERT INTO Autorstwo VALUES (14,'Janusz');
INSERT INTO Autorstwo VALUES (14,'Slezak');
INSERT INTO Autorstwo VALUES (15,'Karczmarz');
INSERT INTO Autorstwo VALUES (15,'Sankowski');
INSERT INTO Autorstwo VALUES (16,'Karczmarz');
INSERT INTO Autorstwo VALUES (16,'Sankowski');
INSERT INTO Autorstwo VALUES (17,'Klin');
INSERT INTO Autorstwo VALUES (18,'Klin');
INSERT INTO Autorstwo VALUES (19,'Klin');
INSERT INTO Autorstwo VALUES (20,'Charalampopoulos');
INSERT INTO Autorstwo VALUES (20,'Radoszewski');
INSERT INTO Autorstwo VALUES (20,'Rytter');
INSERT INTO Autorstwo VALUES (20,'Walen');
INSERT INTO Autorstwo VALUES (21,'Kopczynski');
INSERT INTO Autorstwo VALUES (21,'Torunczyk');
INSERT INTO Autorstwo VALUES (22,'Kopczynski');
INSERT INTO Autorstwo VALUES (23,'Celinska-Kopczynska');
INSERT INTO Autorstwo VALUES (23,'Kopczynski');
INSERT INTO Autorstwo VALUES (24,'Cygan');
INSERT INTO Autorstwo VALUES (24,'Kowalik');
INSERT INTO Autorstwo VALUES (25,'Cygan');
INSERT INTO Autorstwo VALUES (25,'Kowalik');
INSERT INTO Autorstwo VALUES (26,'Kowalik');
INSERT INTO Autorstwo VALUES (26,'Pilipczuk Mi');
INSERT INTO Autorstwo VALUES (26,'Wrochna');
INSERT INTO Autorstwo VALUES (27,'Kowaluk');
INSERT INTO Autorstwo VALUES (28,'Michalak');
INSERT INTO Autorstwo VALUES (28,'Skibski');
INSERT INTO Autorstwo VALUES (29,'Michalak');
INSERT INTO Autorstwo VALUES (30,'Michalak');
INSERT INTO Autorstwo VALUES (31,'Michalak');
INSERT INTO Autorstwo VALUES (32,'Mucha');
INSERT INTO Autorstwo VALUES (33,'Cygan');
INSERT INTO Autorstwo VALUES (33,'Mucha');
INSERT INTO Autorstwo VALUES (33,'Wegrzycki');
INSERT INTO Autorstwo VALUES (33,'Wlodarczyk');
INSERT INTO Autorstwo VALUES (34,'Nguyen AL');
INSERT INTO Autorstwo VALUES (35,'Pacuk');
INSERT INTO Autorstwo VALUES (35,'Sankowski');
INSERT INTO Autorstwo VALUES (35,'Wegrzycki');
INSERT INTO Autorstwo VALUES (35,'Wygocki');
INSERT INTO Autorstwo VALUES (36,'Pilipczuk Ma');
INSERT INTO Autorstwo VALUES (37,'Pilipczuk Ma');
INSERT INTO Autorstwo VALUES (37,'Pilipczuk Mi');
INSERT INTO Autorstwo VALUES (37,'Wrochna');
INSERT INTO Autorstwo VALUES (38,'Pilipczuk Ma');
INSERT INTO Autorstwo VALUES (39,'Pilipczuk Mi');
INSERT INTO Autorstwo VALUES (40,'Pilipczuk Mi');
INSERT INTO Autorstwo VALUES (41,'Bojanczyk');
INSERT INTO Autorstwo VALUES (41,'Pilipczuk Mi');
INSERT INTO Autorstwo VALUES (42,'Pilipczuk Mi');
INSERT INTO Autorstwo VALUES (42,'Wrochna');
INSERT INTO Autorstwo VALUES (43,'Pilipczuk Mi');
INSERT INTO Autorstwo VALUES (43,'Wrochna');
INSERT INTO Autorstwo VALUES (44,'Pilipczuk Mi');
INSERT INTO Autorstwo VALUES (44,'Wrochna');
INSERT INTO Autorstwo VALUES (45,'Pilipczuk Mi');
INSERT INTO Autorstwo VALUES (46,'Pilipczuk Mi');
INSERT INTO Autorstwo VALUES (47,'Pilipczuk Mi');
INSERT INTO Autorstwo VALUES (48,'Radoszewski');
INSERT INTO Autorstwo VALUES (49,'Charalampopoulos');
INSERT INTO Autorstwo VALUES (49,'Radoszewski');
INSERT INTO Autorstwo VALUES (50,'Charalampopoulos');
INSERT INTO Autorstwo VALUES (50,'Radoszewski');
INSERT INTO Autorstwo VALUES (51,'Charalampopoulos');
INSERT INTO Autorstwo VALUES (51,'Radoszewski');
INSERT INTO Autorstwo VALUES (52,'Rzadca');
INSERT INTO Autorstwo VALUES (53,'Sankowski');
INSERT INTO Autorstwo VALUES (54,'Sankowski');
INSERT INTO Autorstwo VALUES (54,'Wegrzycki');
INSERT INTO Autorstwo VALUES (55,'Sankowski');
INSERT INTO Autorstwo VALUES (55,'Wygocki');
INSERT INTO Autorstwo VALUES (56,'Schubert');
INSERT INTO Autorstwo VALUES (57,'Skibski');
INSERT INTO Autorstwo VALUES (58,'Skrzypczak');
INSERT INTO Autorstwo VALUES (59,'Michalewski');
INSERT INTO Autorstwo VALUES (59,'Skrzypczak');
INSERT INTO Autorstwo VALUES (60,'Slezak');
INSERT INTO Autorstwo VALUES (61,'Adamczyk');
INSERT INTO Autorstwo VALUES (61,'Wlodarczyk');
INSERT INTO Autorstwo VALUES (62,'Clemente');
INSERT INTO Autorstwo VALUES (62,'Lasota');
INSERT INTO Autorstwo VALUES (63,'Cygan');
INSERT INTO Autorstwo VALUES (63,'Mucha');
INSERT INTO Autorstwo VALUES (63,'Sankowski');
INSERT INTO Autorstwo VALUES (64,'Czerwinski');
INSERT INTO Autorstwo VALUES (64,'Parys');
INSERT INTO Autorstwo VALUES (65,'Czerwinski');
INSERT INTO Autorstwo VALUES (65,'Hofman');
INSERT INTO Autorstwo VALUES (66,'Czerwinski');
INSERT INTO Autorstwo VALUES (66,'Lasota');
INSERT INTO Autorstwo VALUES (67,'Dziembowski');
INSERT INTO Autorstwo VALUES (68,'Dziembowski');
INSERT INTO Autorstwo VALUES (69,'Dziubinski');
INSERT INTO Autorstwo VALUES (70,'Gambin');
INSERT INTO Autorstwo VALUES (70,'Niemyska');
INSERT INTO Autorstwo VALUES (70,'Startek');
INSERT INTO Autorstwo VALUES (71,'Gorecki');
INSERT INTO Autorstwo VALUES (72,'Hofman');
INSERT INTO Autorstwo VALUES (72,'Lasota');
INSERT INTO Autorstwo VALUES (73,'Iwanicki');
INSERT INTO Autorstwo VALUES (74,'Iwanicki');
INSERT INTO Autorstwo VALUES (75,'Iwanicki');
INSERT INTO Autorstwo VALUES (76,'Iwanicki');
INSERT INTO Autorstwo VALUES (77,'Janusz');
INSERT INTO Autorstwo VALUES (77,'Slezak');
INSERT INTO Autorstwo VALUES (78,'Janusz');
INSERT INTO Autorstwo VALUES (79,'Karczmarz');
INSERT INTO Autorstwo VALUES (80,'Karczmarz');
INSERT INTO Autorstwo VALUES (80,'Sankowski');
INSERT INTO Autorstwo VALUES (81,'Karczmarz');
INSERT INTO Autorstwo VALUES (82,'Karczmarz');
INSERT INTO Autorstwo VALUES (83,'Radoszewski');
INSERT INTO Autorstwo VALUES (83,'Rytter');
INSERT INTO Autorstwo VALUES (83,'Walen');
INSERT INTO Autorstwo VALUES (84,'Radoszewski');
INSERT INTO Autorstwo VALUES (84,'Rytter');
INSERT INTO Autorstwo VALUES (84,'Straszynski');
INSERT INTO Autorstwo VALUES (84,'Walen');
INSERT INTO Autorstwo VALUES (85,'Charalampopoulos');
INSERT INTO Autorstwo VALUES (85,'Radoszewski');
INSERT INTO Autorstwo VALUES (85,'Rytter');
INSERT INTO Autorstwo VALUES (85,'Walen');
INSERT INTO Autorstwo VALUES (86,'Radoszewski');
INSERT INTO Autorstwo VALUES (86,'Rytter');
INSERT INTO Autorstwo VALUES (86,'Walen');
INSERT INTO Autorstwo VALUES (87,'Charalampopoulos');
INSERT INTO Autorstwo VALUES (87,'Radoszewski');
INSERT INTO Autorstwo VALUES (87,'Straszynski');
INSERT INTO Autorstwo VALUES (88,'Kowalik');
INSERT INTO Autorstwo VALUES (88,'Pilipczuk Mi');
INSERT INTO Autorstwo VALUES (88,'Wrochna');
INSERT INTO Autorstwo VALUES (89,'Lasota');
INSERT INTO Autorstwo VALUES (90,'Michalak');
INSERT INTO Autorstwo VALUES (91,'Gogacz');
INSERT INTO Autorstwo VALUES (91,'Murlak');
INSERT INTO Autorstwo VALUES (92,'Niemyska');
INSERT INTO Autorstwo VALUES (93,'Parys');
INSERT INTO Autorstwo VALUES (94,'Parys');
INSERT INTO Autorstwo VALUES (95,'Pilipczuk Ma');
INSERT INTO Autorstwo VALUES (96,'Pilipczuk Ma');
INSERT INTO Autorstwo VALUES (96,'Pilipczuk Mi');
INSERT INTO Autorstwo VALUES (97,'Pilipczuk Ma');
INSERT INTO Autorstwo VALUES (98,'Pilipczuk Ma');
INSERT INTO Autorstwo VALUES (99,'Nadara');
INSERT INTO Autorstwo VALUES (99,'Pilipczuk Ma');
INSERT INTO Autorstwo VALUES (100,'Gajarsky');
INSERT INTO Autorstwo VALUES (100,'Pilipczuk Mi');
INSERT INTO Autorstwo VALUES (100,'Torunczyk');
INSERT INTO Autorstwo VALUES (101,'Pilipczuk Mi');
INSERT INTO Autorstwo VALUES (102,'Pilipczuk Mi');
INSERT INTO Autorstwo VALUES (102,'Torunczyk');
INSERT INTO Autorstwo VALUES (103,'Bojanczyk');
INSERT INTO Autorstwo VALUES (103,'Pilipczuk Mi');
INSERT INTO Autorstwo VALUES (104,'Pilipczuk Mi');
INSERT INTO Autorstwo VALUES (104,'Torunczyk');
INSERT INTO Autorstwo VALUES (105,'Diks');
INSERT INTO Autorstwo VALUES (105,'Rytter');
INSERT INTO Autorstwo VALUES (106,'Rzadca');
INSERT INTO Autorstwo VALUES (107,'Rzadca');
INSERT INTO Autorstwo VALUES (107,'Skowron');
INSERT INTO Autorstwo VALUES (108,'Schmude');
INSERT INTO Autorstwo VALUES (109,'Skowron');
INSERT INTO Autorstwo VALUES (110,'Skowron');
INSERT INTO Autorstwo VALUES (111,'Skowron');
INSERT INTO Autorstwo VALUES (112,'Skowron');
INSERT INTO Autorstwo VALUES (113,'Skowron');
INSERT INTO Autorstwo VALUES (114,'Skowron');
INSERT INTO Autorstwo VALUES (115,'Skrzypczak');
INSERT INTO Autorstwo VALUES (116,'Skrzypczak');
INSERT INTO Autorstwo VALUES (117,'Janusz');
INSERT INTO Autorstwo VALUES (117,'Slezak');
INSERT INTO Autorstwo VALUES (118,'Slezak');
INSERT INTO Autorstwo VALUES (119,'Bojanczyk');
INSERT INTO Autorstwo VALUES (119,'Torunczyk');
INSERT INTO Autorstwo VALUES (120,'Skibski');
INSERT INTO Autorstwo VALUES (121,'Skibski');
INSERT INTO Autorstwo VALUES (122,'Adamczyk');
INSERT INTO Autorstwo VALUES (122,'Wlodarczyk');
INSERT INTO Autorstwo VALUES (123,'Bilinski');
INSERT INTO Autorstwo VALUES (124,'Bojanczyk');
INSERT INTO Autorstwo VALUES (124,'Lhote');
INSERT INTO Autorstwo VALUES (125,'Bojanczyk');
INSERT INTO Autorstwo VALUES (125,'Klin');
INSERT INTO Autorstwo VALUES (126,'Bojanczyk');
INSERT INTO Autorstwo VALUES (126,'Skrzypczak');
INSERT INTO Autorstwo VALUES (127,'Bojanczyk');
INSERT INTO Autorstwo VALUES (127,'Kelmendi');
INSERT INTO Autorstwo VALUES (127,'Skrzypczak');
INSERT INTO Autorstwo VALUES (128,'Celinska-Kopczynska');
INSERT INTO Autorstwo VALUES (129,'Clemente');
INSERT INTO Autorstwo VALUES (129,'Hofman');
INSERT INTO Autorstwo VALUES (130,'Clemente');
INSERT INTO Autorstwo VALUES (131,'Clemente');
INSERT INTO Autorstwo VALUES (131,'Lasota');
INSERT INTO Autorstwo VALUES (132,'Cygan');
INSERT INTO Autorstwo VALUES (132,'Mucha');
INSERT INTO Autorstwo VALUES (132,'Wegrzycki');
INSERT INTO Autorstwo VALUES (132,'Wlodarczyk');
INSERT INTO Autorstwo VALUES (133,'Cygan');
INSERT INTO Autorstwo VALUES (133,'Kowalik');
INSERT INTO Autorstwo VALUES (134,'Cygan');
INSERT INTO Autorstwo VALUES (134,'Pilipczuk Ma');
INSERT INTO Autorstwo VALUES (134,'Pilipczuk Mi');
INSERT INTO Autorstwo VALUES (135,'Cygan');
INSERT INTO Autorstwo VALUES (135,'Mucha');
INSERT INTO Autorstwo VALUES (136,'Czerwinski');
INSERT INTO Autorstwo VALUES (136,'Hofman');
INSERT INTO Autorstwo VALUES (136,'Pilipczuk Mi');
INSERT INTO Autorstwo VALUES (137,'Czerwinski');
INSERT INTO Autorstwo VALUES (137,'Lasota');
INSERT INTO Autorstwo VALUES (138,'Czerwinski');
INSERT INTO Autorstwo VALUES (138,'Lasota');
INSERT INTO Autorstwo VALUES (139,'Czerwinski');
INSERT INTO Autorstwo VALUES (139,'Lasota');
INSERT INTO Autorstwo VALUES (140,'Czerwinski');
INSERT INTO Autorstwo VALUES (140,'Nadara');
INSERT INTO Autorstwo VALUES (140,'Pilipczuk Ma');
INSERT INTO Autorstwo VALUES (141,'Diks');
INSERT INTO Autorstwo VALUES (141,'Rytter');
INSERT INTO Autorstwo VALUES (142,'Dojer');
INSERT INTO Autorstwo VALUES (143,'Dunin-Keplicz');
INSERT INTO Autorstwo VALUES (143,'Szalas');
INSERT INTO Autorstwo VALUES (144,'Dunin-Keplicz');
INSERT INTO Autorstwo VALUES (144,'Szalas');
INSERT INTO Autorstwo VALUES (145,'Dunin-Keplicz');
INSERT INTO Autorstwo VALUES (145,'Szalas');
INSERT INTO Autorstwo VALUES (146,'Dunin-Keplicz');
INSERT INTO Autorstwo VALUES (147,'Dziembowski');
INSERT INTO Autorstwo VALUES (148,'Dziembowski');
INSERT INTO Autorstwo VALUES (149,'Dziembowski');
INSERT INTO Autorstwo VALUES (150,'Dziembowski');
INSERT INTO Autorstwo VALUES (151,'Fabianski');
INSERT INTO Autorstwo VALUES (151,'Pilipczuk Mi');
INSERT INTO Autorstwo VALUES (151,'Torunczyk');
INSERT INTO Autorstwo VALUES (152,'Chung');
INSERT INTO Autorstwo VALUES (152,'Gambin');
INSERT INTO Autorstwo VALUES (152,'Startek');
INSERT INTO Autorstwo VALUES (153,'Gambin');
INSERT INTO Autorstwo VALUES (153,'Jaworski');
INSERT INTO Autorstwo VALUES (154,'Gambin');
INSERT INTO Autorstwo VALUES (155,'Gambin');
INSERT INTO Autorstwo VALUES (156,'Chung');
INSERT INTO Autorstwo VALUES (156,'Gambin');
INSERT INTO Autorstwo VALUES (156,'Gogolewski');
INSERT INTO Autorstwo VALUES (157,'Gambin');
INSERT INTO Autorstwo VALUES (157,'Startek');
INSERT INTO Autorstwo VALUES (158,'Gambin');
INSERT INTO Autorstwo VALUES (159,'Gorecki');
INSERT INTO Autorstwo VALUES (160,'Gorecki');
INSERT INTO Autorstwo VALUES (160,'Paszek');
INSERT INTO Autorstwo VALUES (161,'Gorecki');
INSERT INTO Autorstwo VALUES (162,'Gorecki');
INSERT INTO Autorstwo VALUES (163,'Hofman');
INSERT INTO Autorstwo VALUES (164,'Iwanicki');
INSERT INTO Autorstwo VALUES (165,'Kaliszyk');
INSERT INTO Autorstwo VALUES (166,'Kaliszyk');
INSERT INTO Autorstwo VALUES (167,'Kaliszyk');
INSERT INTO Autorstwo VALUES (168,'Karczmarz');
INSERT INTO Autorstwo VALUES (169,'Karczmarz');
INSERT INTO Autorstwo VALUES (169,'Sankowski');
INSERT INTO Autorstwo VALUES (170,'Klin');
INSERT INTO Autorstwo VALUES (171,'Klin');
INSERT INTO Autorstwo VALUES (172,'Klin');
INSERT INTO Autorstwo VALUES (173,'Klin');
INSERT INTO Autorstwo VALUES (174,'Klin');
INSERT INTO Autorstwo VALUES (174,'Lasota');
INSERT INTO Autorstwo VALUES (174,'Torunczyk');
INSERT INTO Autorstwo VALUES (175,'Kopczynski');
INSERT INTO Autorstwo VALUES (176,'Kowalik');
INSERT INTO Autorstwo VALUES (177,'Kowalik');
INSERT INTO Autorstwo VALUES (177,'Pilipczuk Mi');
INSERT INTO Autorstwo VALUES (177,'Wrochna');
INSERT INTO Autorstwo VALUES (178,'Kowaluk');
INSERT INTO Autorstwo VALUES (179,'Kowaluk');
INSERT INTO Autorstwo VALUES (180,'Kozlowski');
INSERT INTO Autorstwo VALUES (181,'Michalak');
INSERT INTO Autorstwo VALUES (181,'Skibski');
INSERT INTO Autorstwo VALUES (182,'Michalak');
INSERT INTO Autorstwo VALUES (182,'Skibski');
INSERT INTO Autorstwo VALUES (183,'Michalak');
INSERT INTO Autorstwo VALUES (184,'Michalak');
INSERT INTO Autorstwo VALUES (185,'Michalak');
INSERT INTO Autorstwo VALUES (185,'Skibski');
INSERT INTO Autorstwo VALUES (186,'Michalak');
INSERT INTO Autorstwo VALUES (187,'Michalak');
INSERT INTO Autorstwo VALUES (188,'Mucha');
INSERT INTO Autorstwo VALUES (188,'Wegrzycki');
INSERT INTO Autorstwo VALUES (188,'Wlodarczyk');
INSERT INTO Autorstwo VALUES (189,'Mucha');
INSERT INTO Autorstwo VALUES (189,'Pawlewicz');
INSERT INTO Autorstwo VALUES (189,'Wegrzycki');
INSERT INTO Autorstwo VALUES (190,'Murlak');
INSERT INTO Autorstwo VALUES (191,'Gogacz');
INSERT INTO Autorstwo VALUES (191,'Murlak');
INSERT INTO Autorstwo VALUES (192,'Gorecki');
INSERT INTO Autorstwo VALUES (193,'Nguyen AL');
INSERT INTO Autorstwo VALUES (194,'Nguyen AL');
INSERT INTO Autorstwo VALUES (195,'Nguyen AL');
INSERT INTO Autorstwo VALUES (196,'Nguyen AL');
INSERT INTO Autorstwo VALUES (197,'Nguyen AL');
INSERT INTO Autorstwo VALUES (198,'Nguyen AL');
INSERT INTO Autorstwo VALUES (199,'Niemyska');
INSERT INTO Autorstwo VALUES (200,'Niemyska');
INSERT INTO Autorstwo VALUES (201,'Parys');
INSERT INTO Autorstwo VALUES (202,'Parys');
INSERT INTO Autorstwo VALUES (203,'Gorecki');
INSERT INTO Autorstwo VALUES (203,'Paszek');
INSERT INTO Autorstwo VALUES (204,'Gorecki');
INSERT INTO Autorstwo VALUES (204,'Paszek');
INSERT INTO Autorstwo VALUES (205,'Peczarski');
INSERT INTO Autorstwo VALUES (206,'Pilipczuk Ma');
INSERT INTO Autorstwo VALUES (207,'Pilipczuk Ma');
INSERT INTO Autorstwo VALUES (208,'Zych-Pawlewicz');
INSERT INTO Autorstwo VALUES (209,'Pilipczuk Ma');
INSERT INTO Autorstwo VALUES (209,'Pilipczuk Mi');
INSERT INTO Autorstwo VALUES (210,'Pilipczuk Ma');
INSERT INTO Autorstwo VALUES (210,'Wrochna');
INSERT INTO Autorstwo VALUES (211,'Nadara');
INSERT INTO Autorstwo VALUES (211,'Pilipczuk Ma');
INSERT INTO Autorstwo VALUES (212,'Pilipczuk Ma');
INSERT INTO Autorstwo VALUES (213,'Pilipczuk Ma');
INSERT INTO Autorstwo VALUES (214,'Pilipczuk Ma');
INSERT INTO Autorstwo VALUES (214,'Pilipczuk Mi');
INSERT INTO Autorstwo VALUES (215,'Pilipczuk Ma');
INSERT INTO Autorstwo VALUES (215,'Sorge');
INSERT INTO Autorstwo VALUES (216,'Pilipczuk Ma');
INSERT INTO Autorstwo VALUES (216,'Pilipczuk Mi');
INSERT INTO Autorstwo VALUES (217,'Pilipczuk Mi');
INSERT INTO Autorstwo VALUES (218,'Novotná');
INSERT INTO Autorstwo VALUES (218,'Okrasa');
INSERT INTO Autorstwo VALUES (218,'Pilipczuk Mi');
INSERT INTO Autorstwo VALUES (218,'Rzażewski');
INSERT INTO Autorstwo VALUES (219,'Pilipczuk Mi');
INSERT INTO Autorstwo VALUES (219,'Wrochna');
INSERT INTO Autorstwo VALUES (220,'Pilipczuk Mi');
INSERT INTO Autorstwo VALUES (221,'Pilipczuk Mi');
INSERT INTO Autorstwo VALUES (222,'Pilipczuk Mi');
INSERT INTO Autorstwo VALUES (223,'Pilipczuk Mi');
INSERT INTO Autorstwo VALUES (223,'Wrochna');
INSERT INTO Autorstwo VALUES (224,'Przybylek');
INSERT INTO Autorstwo VALUES (225,'Radoszewski');
INSERT INTO Autorstwo VALUES (225,'Rytter');
INSERT INTO Autorstwo VALUES (225,'Straszynski');
INSERT INTO Autorstwo VALUES (225,'Walen');
INSERT INTO Autorstwo VALUES (226,'Radoszewski');
INSERT INTO Autorstwo VALUES (226,'Rytter');
INSERT INTO Autorstwo VALUES (226,'Straszynski');
INSERT INTO Autorstwo VALUES (226,'Walen');
INSERT INTO Autorstwo VALUES (227,'Charalampopoulos');
INSERT INTO Autorstwo VALUES (227,'Radoszewski');
INSERT INTO Autorstwo VALUES (227,'Rytter');
INSERT INTO Autorstwo VALUES (227,'Straszynski');
INSERT INTO Autorstwo VALUES (227,'Walen');
INSERT INTO Autorstwo VALUES (228,'Charalampopoulos');
INSERT INTO Autorstwo VALUES (228,'Radoszewski');
INSERT INTO Autorstwo VALUES (228,'Rytter');
INSERT INTO Autorstwo VALUES (228,'Straszynski');
INSERT INTO Autorstwo VALUES (228,'Walen');
INSERT INTO Autorstwo VALUES (229,'Charalampopoulos');
INSERT INTO Autorstwo VALUES (229,'Radoszewski');
INSERT INTO Autorstwo VALUES (230,'Radoszewski');
INSERT INTO Autorstwo VALUES (231,'Radoszewski');
INSERT INTO Autorstwo VALUES (232,'Radoszewski');
INSERT INTO Autorstwo VALUES (233,'Charalampopoulos');
INSERT INTO Autorstwo VALUES (233,'Radoszewski');
INSERT INTO Autorstwo VALUES (234,'Charalampopoulos');
INSERT INTO Autorstwo VALUES (234,'Radoszewski');
INSERT INTO Autorstwo VALUES (234,'Rytter');
INSERT INTO Autorstwo VALUES (234,'Walen');
INSERT INTO Autorstwo VALUES (235,'Rytter');
INSERT INTO Autorstwo VALUES (236,'Rzadca');
INSERT INTO Autorstwo VALUES (237,'Sankowski');
INSERT INTO Autorstwo VALUES (238,'Skowron');
INSERT INTO Autorstwo VALUES (239,'Skowron');
INSERT INTO Autorstwo VALUES (240,'Skowron');
INSERT INTO Autorstwo VALUES (241,'Skowron');
INSERT INTO Autorstwo VALUES (242,'Skowron');
INSERT INTO Autorstwo VALUES (243,'Skowron');
INSERT INTO Autorstwo VALUES (244,'Chen');
INSERT INTO Autorstwo VALUES (244,'Skowron');
INSERT INTO Autorstwo VALUES (244,'Sorge');
INSERT INTO Autorstwo VALUES (245,'Skowron');
INSERT INTO Autorstwo VALUES (246,'Lhote');
INSERT INTO Autorstwo VALUES (246,'Michielini');
INSERT INTO Autorstwo VALUES (246,'Skrzypczak');
INSERT INTO Autorstwo VALUES (247,'Michalewski');
INSERT INTO Autorstwo VALUES (247,'Skrzypczak');
INSERT INTO Autorstwo VALUES (248,'Slezak');
INSERT INTO Autorstwo VALUES (249,'Slezak');
INSERT INTO Autorstwo VALUES (250,'Slezak');
INSERT INTO Autorstwo VALUES (251,'Szalas');
INSERT INTO Autorstwo VALUES (252,'Szalas');
INSERT INTO Autorstwo VALUES (253,'Szczurek');
INSERT INTO Autorstwo VALUES (253,'Tiuryn');
INSERT INTO Autorstwo VALUES (254,'Szczurek');
INSERT INTO Autorstwo VALUES (255,'Tuszynska');
INSERT INTO Autorstwo VALUES (255,'Wilczynski');
INSERT INTO Autorstwo VALUES (256,'Skibski');
INSERT INTO Autorstwo VALUES (257,'Wegrzycki');
INSERT INTO Autorstwo VALUES (258,'Wilczynski');
INSERT INTO Autorstwo VALUES (259,'Wlodarczyk');
INSERT INTO Autorstwo VALUES (260,'Wlodarczyk');
INSERT INTO Autorstwo VALUES (261,'Adamczyk');
INSERT INTO Autorstwo VALUES (261,'Wlodarczyk');
INSERT INTO Autorstwo VALUES (262,'Iwanicki');
INSERT INTO Autorstwo VALUES (263,'Bilinski');
INSERT INTO Autorstwo VALUES (264,'Bilinski');
INSERT INTO Autorstwo VALUES (265,'Bojanczyk');
INSERT INTO Autorstwo VALUES (265,'Kelmendi');
INSERT INTO Autorstwo VALUES (265,'Stefanski');
INSERT INTO Autorstwo VALUES (266,'Bojanczyk');
INSERT INTO Autorstwo VALUES (267,'Bojanczyk');
INSERT INTO Autorstwo VALUES (267,'Stefanski');
INSERT INTO Autorstwo VALUES (268,'Bojanczyk');
INSERT INTO Autorstwo VALUES (268,'Schmude');
INSERT INTO Autorstwo VALUES (269,'Bojanczyk');
INSERT INTO Autorstwo VALUES (270,'Cygan');
INSERT INTO Autorstwo VALUES (271,'Cygan');
INSERT INTO Autorstwo VALUES (271,'Pilipczuk Mi');
INSERT INTO Autorstwo VALUES (272,'Czerwinski');
INSERT INTO Autorstwo VALUES (273,'Czerwinski');
INSERT INTO Autorstwo VALUES (273,'Lasota');
INSERT INTO Autorstwo VALUES (274,'Czerwinski');
INSERT INTO Autorstwo VALUES (274,'Hofman');
INSERT INTO Autorstwo VALUES (275,'Dojer');
INSERT INTO Autorstwo VALUES (276,'Dutta');
INSERT INTO Autorstwo VALUES (277,'Dziubinski');
INSERT INTO Autorstwo VALUES (278,'Dziubinski');
INSERT INTO Autorstwo VALUES (279,'Fleszar');
INSERT INTO Autorstwo VALUES (280,'Fleszar');
INSERT INTO Autorstwo VALUES (281,'Gambin');
INSERT INTO Autorstwo VALUES (281,'Gogolewski');
INSERT INTO Autorstwo VALUES (282,'Gambin');
INSERT INTO Autorstwo VALUES (282,'Startek');
INSERT INTO Autorstwo VALUES (283,'Gambin');
INSERT INTO Autorstwo VALUES (284,'Gambin');
INSERT INTO Autorstwo VALUES (285,'Gora');
INSERT INTO Autorstwo VALUES (286,'Gorecki');
INSERT INTO Autorstwo VALUES (287,'Gorecki');
INSERT INTO Autorstwo VALUES (287,'Paszek');
INSERT INTO Autorstwo VALUES (287,'Tiuryn');
INSERT INTO Autorstwo VALUES (288,'Hofman');
INSERT INTO Autorstwo VALUES (289,'Iwanicki');
INSERT INTO Autorstwo VALUES (290,'Janusz');
INSERT INTO Autorstwo VALUES (290,'Slezak');
INSERT INTO Autorstwo VALUES (291,'Charalampopoulos');
INSERT INTO Autorstwo VALUES (291,'Karczmarz');
INSERT INTO Autorstwo VALUES (292,'Kolodziejski');
INSERT INTO Autorstwo VALUES (293,'Kowalik');
INSERT INTO Autorstwo VALUES (293,'Li');
INSERT INTO Autorstwo VALUES (293,'Nadara');
INSERT INTO Autorstwo VALUES (293,'Smulewicz');
INSERT INTO Autorstwo VALUES (294,'Kowalik');
INSERT INTO Autorstwo VALUES (294,'Majewski');
INSERT INTO Autorstwo VALUES (295,'Kowalik');
INSERT INTO Autorstwo VALUES (295,'Mucha');
INSERT INTO Autorstwo VALUES (295,'Nadara');
INSERT INTO Autorstwo VALUES (295,'Pilipczuk Ma');
INSERT INTO Autorstwo VALUES (295,'Sorge');
INSERT INTO Autorstwo VALUES (295,'Wygocki');
INSERT INTO Autorstwo VALUES (296,'Kowaluk');
INSERT INTO Autorstwo VALUES (297,'Kozlowski');
INSERT INTO Autorstwo VALUES (298,'Lasota');
INSERT INTO Autorstwo VALUES (299,'Machnicka');
INSERT INTO Autorstwo VALUES (300,'Michalak');
INSERT INTO Autorstwo VALUES (300,'Skibski');
INSERT INTO Autorstwo VALUES (301,'Michalak');
INSERT INTO Autorstwo VALUES (302,'Michalak');
INSERT INTO Autorstwo VALUES (303,'Michalak');
INSERT INTO Autorstwo VALUES (303,'Skibski');
INSERT INTO Autorstwo VALUES (304,'Michalak');
INSERT INTO Autorstwo VALUES (304,'Skibski');
INSERT INTO Autorstwo VALUES (305,'Michalak');
INSERT INTO Autorstwo VALUES (306,'Mucha');
INSERT INTO Autorstwo VALUES (306,'Smulewicz');
INSERT INTO Autorstwo VALUES (307,'Gogacz');
INSERT INTO Autorstwo VALUES (307,'Murlak');
INSERT INTO Autorstwo VALUES (308,'Gogacz');
INSERT INTO Autorstwo VALUES (308,'Murlak');
INSERT INTO Autorstwo VALUES (309,'Nguyen AL');
INSERT INTO Autorstwo VALUES (310,'Nguyen AL');
INSERT INTO Autorstwo VALUES (311,'Niemyska');
INSERT INTO Autorstwo VALUES (312,'Niemyska');
INSERT INTO Autorstwo VALUES (313,'Niwinski');
INSERT INTO Autorstwo VALUES (313,'Skrzypczak');
INSERT INTO Autorstwo VALUES (314,'Niwinski');
INSERT INTO Autorstwo VALUES (314,'Parys');
INSERT INTO Autorstwo VALUES (315,'Parys');
INSERT INTO Autorstwo VALUES (316,'Parys');
INSERT INTO Autorstwo VALUES (317,'Barozzini');
INSERT INTO Autorstwo VALUES (317,'Clemente');
INSERT INTO Autorstwo VALUES (317,'Parys');
INSERT INTO Autorstwo VALUES (318,'Parys');
INSERT INTO Autorstwo VALUES (319,'Parys');
INSERT INTO Autorstwo VALUES (320,'Parys');
INSERT INTO Autorstwo VALUES (321,'Parys');
INSERT INTO Autorstwo VALUES (322,'Pilipczuk Ma');
INSERT INTO Autorstwo VALUES (322,'Sorge');
INSERT INTO Autorstwo VALUES (323,'Bellitto');
INSERT INTO Autorstwo VALUES (323,'Li');
INSERT INTO Autorstwo VALUES (323,'Okrasa');
INSERT INTO Autorstwo VALUES (323,'Pilipczuk Ma');
INSERT INTO Autorstwo VALUES (323,'Sorge');
INSERT INTO Autorstwo VALUES (324,'Li');
INSERT INTO Autorstwo VALUES (324,'Pilipczuk Ma');
INSERT INTO Autorstwo VALUES (325,'Pilipczuk Ma');
INSERT INTO Autorstwo VALUES (325,'Pilipczuk Mi');
INSERT INTO Autorstwo VALUES (326,'Pilipczuk Ma');
INSERT INTO Autorstwo VALUES (326,'Pilipczuk Mi');
INSERT INTO Autorstwo VALUES (327,'Pilipczuk Ma');
INSERT INTO Autorstwo VALUES (328,'Pilipczuk Mi');
INSERT INTO Autorstwo VALUES (328,'Wegrzycki');
INSERT INTO Autorstwo VALUES (329,'Pilipczuk Mi');
INSERT INTO Autorstwo VALUES (330,'Pilipczuk Mi');
INSERT INTO Autorstwo VALUES (331,'Pilipczuk Mi');
INSERT INTO Autorstwo VALUES (332,'Pilipczuk Mi');
INSERT INTO Autorstwo VALUES (333,'Pilipczuk Mi');
INSERT INTO Autorstwo VALUES (334,'Pilipczuk Mi');
INSERT INTO Autorstwo VALUES (335,'Gajarský');
INSERT INTO Autorstwo VALUES (335,'Pilipczuk Mi');
INSERT INTO Autorstwo VALUES (335,'Torunczyk');
INSERT INTO Autorstwo VALUES (336,'Pilipczuk Mi');
INSERT INTO Autorstwo VALUES (337,'Pilipczuk Mi');
INSERT INTO Autorstwo VALUES (338,'Pilipczuk Mi');
INSERT INTO Autorstwo VALUES (339,'Pilipczuk Mi');
INSERT INTO Autorstwo VALUES (340,'Pilipczuk Mi');
INSERT INTO Autorstwo VALUES (340,'Wrochna');
INSERT INTO Autorstwo VALUES (341,'Radoszewski');
INSERT INTO Autorstwo VALUES (341,'Rytter');
INSERT INTO Autorstwo VALUES (341,'Walen');
INSERT INTO Autorstwo VALUES (342,'Radoszewski');
INSERT INTO Autorstwo VALUES (343,'Charalampopoulos');
INSERT INTO Autorstwo VALUES (343,'Radoszewski');
INSERT INTO Autorstwo VALUES (343,'Rytter');
INSERT INTO Autorstwo VALUES (343,'Straszynski');
INSERT INTO Autorstwo VALUES (343,'Walen');
INSERT INTO Autorstwo VALUES (344,'Charalampopoulos');
INSERT INTO Autorstwo VALUES (344,'Radoszewski');
INSERT INTO Autorstwo VALUES (345,'Radoszewski');
INSERT INTO Autorstwo VALUES (345,'Straszynski');
INSERT INTO Autorstwo VALUES (346,'Charalampopoulos');
INSERT INTO Autorstwo VALUES (346,'Radoszewski');
INSERT INTO Autorstwo VALUES (346,'Rytter');
INSERT INTO Autorstwo VALUES (346,'Walen');
INSERT INTO Autorstwo VALUES (347,'Charalampopoulos');
INSERT INTO Autorstwo VALUES (347,'Radoszewski');
INSERT INTO Autorstwo VALUES (348,'Radoszewski');
INSERT INTO Autorstwo VALUES (349,'Radoszewski');
INSERT INTO Autorstwo VALUES (349,'Rytter');
INSERT INTO Autorstwo VALUES (349,'Straszynski');
INSERT INTO Autorstwo VALUES (349,'Walen');
INSERT INTO Autorstwo VALUES (350,'Radoszewski');
INSERT INTO Autorstwo VALUES (350,'Rytter');
INSERT INTO Autorstwo VALUES (350,'Straszynski');
INSERT INTO Autorstwo VALUES (350,'Walen');
INSERT INTO Autorstwo VALUES (351,'Radoszewski');
INSERT INTO Autorstwo VALUES (352,'Radoszewski');
INSERT INTO Autorstwo VALUES (352,'Rytter');
INSERT INTO Autorstwo VALUES (352,'Walen');
INSERT INTO Autorstwo VALUES (353,'Charalampopoulos');
INSERT INTO Autorstwo VALUES (353,'Radoszewski');
INSERT INTO Autorstwo VALUES (353,'Rytter');
INSERT INTO Autorstwo VALUES (353,'Walen');
INSERT INTO Autorstwo VALUES (354,'Charalampopoulos');
INSERT INTO Autorstwo VALUES (354,'Radoszewski');
INSERT INTO Autorstwo VALUES (354,'Walen');
INSERT INTO Autorstwo VALUES (355,'Radoszewski');
INSERT INTO Autorstwo VALUES (355,'Rytter');
INSERT INTO Autorstwo VALUES (355,'Walen');
INSERT INTO Autorstwo VALUES (356,'Radoszewski');
INSERT INTO Autorstwo VALUES (357,'Rzadca');
INSERT INTO Autorstwo VALUES (358,'Rzadca');
INSERT INTO Autorstwo VALUES (359,'Schmude');
INSERT INTO Autorstwo VALUES (360,'Skibski');
INSERT INTO Autorstwo VALUES (361,'Skowron');
INSERT INTO Autorstwo VALUES (362,'Skowron');
INSERT INTO Autorstwo VALUES (363,'Skowron');
INSERT INTO Autorstwo VALUES (364,'Skowron');
INSERT INTO Autorstwo VALUES (365,'Skowron');
INSERT INTO Autorstwo VALUES (366,'Skowron');
INSERT INTO Autorstwo VALUES (367,'Skowron');
INSERT INTO Autorstwo VALUES (368,'Skowron');
INSERT INTO Autorstwo VALUES (369,'Skrzypczak');
INSERT INTO Autorstwo VALUES (370,'Michielini');
INSERT INTO Autorstwo VALUES (370,'Skrzypczak');
INSERT INTO Autorstwo VALUES (371,'Fabianski');
INSERT INTO Autorstwo VALUES (371,'Skrzypczak');
INSERT INTO Autorstwo VALUES (371,'Torunczyk');
INSERT INTO Autorstwo VALUES (372,'Slezak');
INSERT INTO Autorstwo VALUES (373,'Slezak');
INSERT INTO Autorstwo VALUES (374,'Slezak');
INSERT INTO Autorstwo VALUES (375,'Slezak');
INSERT INTO Autorstwo VALUES (376,'Slezak');
INSERT INTO Autorstwo VALUES (377,'Slezak');
INSERT INTO Autorstwo VALUES (378,'Startek');
INSERT INTO Autorstwo VALUES (379,'Startek');
INSERT INTO Autorstwo VALUES (380,'Szalas');
INSERT INTO Autorstwo VALUES (381,'Szalas');
INSERT INTO Autorstwo VALUES (382,'Szalas');
INSERT INTO Autorstwo VALUES (383,'Szczurek');
INSERT INTO Autorstwo VALUES (384,'Szczurek');
INSERT INTO Autorstwo VALUES (385,'Szczurek');
INSERT INTO Autorstwo VALUES (386,'Gorecki');
INSERT INTO Autorstwo VALUES (386,'Tiuryn');
INSERT INTO Autorstwo VALUES (387,'Torunczyk');
INSERT INTO Autorstwo VALUES (388,'Torunczyk');
INSERT INTO Autorstwo VALUES (389,'Wilczynski');










select distinct A.Autor as PierwszyAutor, B.Autor as DrugiAutor  from Autorstwo A, Autorstwo B where A.Praca = B.Praca and A.Autor != B.Autor and
A.Autor in 
    (select A.Nazwisko from Autor A where Nazwisko not in 
        (select distinct Autor from Autorstwo where Praca in 
            (select ID from Praca where Rok = 2020))
    and A.Ryzyko = 1)
;


-- Zostawiam specjalnie bo mam pytanie do tej konstrukcji:
-- WITH PracownicyZRyzykiemBezPracyW2020 AS (
    -- select A.Nazwisko from Autor A where Nazwisko in 
    --     (select distinct Autor from Autorstwo where Praca not in 
    --         (select ID from Praca where Rok = 2020))
    -- and A.Ryzyko = 1;
-- )
-- select A.Nazwisko, B.Wspolpracownik from PracownicyZRyzykiemBezPracyW2020 A
--     left join (select distinct A1.Autor as Nazwisko, B1.Autor as Wspolpracownik
--         from Autorstwo A1 
--             left join Autorstwo B1
--             on B1.Praca = A1.Praca and B1.Autor != A1.Autor) B 
--     on A.Nazwisko = B.Nazwisko
-- ;
-- select  * from PracownicyZRyzykiemBezPracyW2020;


